,AMZN,IBM
2006-01-03,47.58,82.06
2006-01-04,47.25,81.95
2006-01-05,47.65,82.5
2006-01-06,47.87,84.95
2006-01-09,47.08,83.73
2006-01-10,45.65,84.07
2006-01-11,44.93,84.17
2006-01-12,44.36,83.57
2006-01-13,44.4,83.17
2006-01-17,44.0,83.0
2006-01-18,44.32,84.46
2006-01-19,44.45,83.09
2006-01-20,43.92,81.36
2006-01-23,43.73,81.41
2006-01-24,44.02,80.85
2006-01-25,43.6,80.91
2006-01-26,44.68,80.72
2006-01-27,45.22,81.02
2006-01-30,44.96,81.63
2006-01-31,44.82,81.3
2006-02-01,43.98,81.94
2006-02-02,42.74,81.23
2006-02-03,38.33,79.97
2006-02-06,37.95,79.51
2006-02-07,37.52,79.85
2006-02-08,38.17,80.8
2006-02-09,37.99,80.4
2006-02-10,38.52,81.33
2006-02-13,37.86,80.44
2006-02-14,38.25,81.09
2006-02-15,39.26,80.85
2006-02-16,39.15,80.91
2006-02-17,39.19,80.71
2006-02-21,38.29,80.5
2006-02-22,38.72,81.35
2006-02-23,37.9,80.2
2006-02-24,38.35,80.1
2006-02-27,38.01,80.63
2006-02-28,37.44,80.24
2006-03-01,37.12,79.9
2006-03-02,36.88,79.94
2006-03-03,37.21,79.96
2006-03-06,36.86,80.0
2006-03-07,36.93,80.29
2006-03-08,36.81,81.14
2006-03-09,36.12,81.02
2006-03-10,36.22,81.57
2006-03-13,36.19,81.93
2006-03-14,36.91,82.88
2006-03-15,36.89,83.38
2006-03-16,36.77,82.87
2006-03-17,35.99,83.3
2006-03-20,36.23,83.58
2006-03-21,35.92,83.81
2006-03-22,36.0,84.45
2006-03-23,35.68,83.2
2006-03-24,35.47,83.36
2006-03-27,35.25,83.08
2006-03-28,35.69,82.43
2006-03-29,36.32,83.13
2006-03-30,36.67,83.2
2006-03-31,36.53,82.47
2006-04-03,36.14,83.06
2006-04-04,36.77,83.45
2006-04-05,37.34,84.17
2006-04-06,38.51,83.81
2006-04-07,37.09,82.48
2006-04-10,36.61,82.1
2006-04-11,36.06,81.16
2006-04-12,36.13,80.75
2006-04-13,36.62,81.98
2006-04-17,35.27,81.64
2006-04-18,36.28,83.31
2006-04-19,36.89,81.86
2006-04-20,36.34,82.02
2006-04-21,36.03,81.66
2006-04-24,35.79,82.11
2006-04-25,35.55,82.67
2006-04-26,35.79,83.35
2006-04-27,35.74,83.88
2006-04-28,35.21,82.34
2006-05-01,34.59,82.23
2006-05-02,34.38,82.42
2006-05-03,33.96,82.7
2006-05-04,34.47,82.43
2006-05-05,35.04,83.28
2006-05-08,34.69,82.89
2006-05-09,34.84,83.23
2006-05-10,34.16,82.9
2006-05-11,33.53,82.46
2006-05-12,32.73,82.39
2006-05-15,32.78,82.89
2006-05-16,32.76,82.16
2006-05-17,31.61,81.27
2006-05-18,32.61,80.66
2006-05-19,33.94,80.28
2006-05-22,34.83,80.02
2006-05-23,33.76,79.83
2006-05-24,35.19,79.78
2006-05-25,35.63,80.14
2006-05-26,36.07,80.75
2006-05-30,34.64,80.16
2006-05-31,34.61,79.9
2006-06-01,35.07,80.69
2006-06-02,34.76,79.52
2006-06-05,33.49,79.06
2006-06-06,33.41,79.76
2006-06-07,33.77,79.15
2006-06-08,33.55,77.03
2006-06-09,33.78,77.63
2006-06-12,33.6,77.02
2006-06-13,33.47,76.93
2006-06-14,33.68,77.71
2006-06-15,34.96,78.56
2006-06-16,35.09,77.95
2006-06-19,35.07,77.67
2006-06-20,35.48,77.99
2006-06-21,36.65,78.3
2006-06-22,36.37,77.19
2006-06-23,36.55,77.1
2006-06-26,36.77,77.15
2006-06-27,36.48,76.63
2006-06-28,36.7,76.56
2006-06-29,38.52,77.59
2006-06-30,38.68,76.82
2006-07-03,38.61,78.02
2006-07-05,37.11,77.77
2006-07-06,36.8,78.09
2006-07-07,36.11,76.42
2006-07-10,35.79,76.67
2006-07-11,35.66,76.47
2006-07-12,34.63,75.48
2006-07-13,33.73,74.24
2006-07-14,32.92,73.57
2006-07-17,33.67,73.7
2006-07-18,33.49,74.26
2006-07-19,34.48,76.07
2006-07-20,34.18,75.48
2006-07-21,33.19,74.86
2006-07-24,34.31,75.99
2006-07-25,33.59,75.89
2006-07-26,26.26,75.83
2006-07-27,26.56,76.15
2006-07-28,27.17,76.96
2006-07-31,26.89,77.41
2006-08-01,26.32,76.14
2006-08-02,26.09,76.32
2006-08-03,26.69,76.33
2006-08-04,27.29,75.91
2006-08-07,26.78,75.52
2006-08-08,26.36,75.33
2006-08-09,26.21,75.39
2006-08-10,26.49,75.74
2006-08-11,26.07,75.48
2006-08-14,26.53,76.68
2006-08-15,27.77,77.08
2006-08-16,27.95,79.09
2006-08-17,29.09,79.37
2006-08-18,29.12,79.9
2006-08-21,28.13,79.28
2006-08-22,28.37,78.95
2006-08-23,28.14,78.67
2006-08-24,27.97,79.38
2006-08-25,28.03,79.88
2006-08-28,28.91,80.32
2006-08-29,29.52,81.4
2006-08-30,30.67,81.22
2006-08-31,30.83,80.97
2006-09-01,31.76,81.41
2006-09-05,32.23,80.85
2006-09-06,30.8,80.28
2006-09-07,29.73,79.4
2006-09-08,30.51,80.66
2006-09-11,30.79,80.93
2006-09-12,31.72,82.28
2006-09-13,31.67,82.21
2006-09-14,31.65,82.47
2006-09-15,32.52,82.94
2006-09-18,32.08,82.24
2006-09-19,31.58,81.87
2006-09-20,32.12,83.42
2006-09-21,30.22,81.61
2006-09-22,30.84,81.21
2006-09-25,31.79,82.0
2006-09-26,32.5,82.5
2006-09-27,32.33,82.09
2006-09-28,31.84,81.99
2006-09-29,32.12,81.94
2006-10-02,30.87,81.87
2006-10-03,31.7,81.65
2006-10-04,32.76,83.1
2006-10-05,33.32,82.92
2006-10-06,32.59,83.14
2006-10-09,33.38,84.0
2006-10-10,32.62,84.19
2006-10-11,32.91,84.19
2006-10-12,33.55,84.7
2006-10-13,33.32,86.08
2006-10-16,32.6,86.71
2006-10-17,32.47,86.95
2006-10-18,32.31,89.82
2006-10-19,32.54,89.86
2006-10-20,32.57,90.48
2006-10-23,32.88,91.56
2006-10-24,33.63,91.49
2006-10-25,37.68,91.83
2006-10-26,38.3,91.54
2006-10-27,38.24,90.76
2006-10-30,38.15,91.5
2006-10-31,38.09,92.33
2006-11-01,37.56,91.8
2006-11-02,37.45,91.68
2006-11-03,37.46,91.41
2006-11-06,38.21,92.6
2006-11-07,38.77,92.75
2006-11-08,39.47,92.59
2006-11-09,38.84,92.42
2006-11-10,39.26,91.76
2006-11-13,39.99,92.07
2006-11-14,41.51,93.29
2006-11-15,42.6,93.11
2006-11-16,42.84,93.47
2006-11-17,42.55,93.81
2006-11-20,42.44,93.25
2006-11-21,42.54,93.08
2006-11-22,42.96,93.52
2006-11-24,42.41,93.35
2006-11-27,40.85,91.45
2006-11-28,40.92,91.35
2006-11-29,40.63,91.52
2006-11-30,40.34,91.92
2006-12-01,39.41,91.25
2006-12-04,39.1,93.51
2006-12-05,38.98,94.48
2006-12-06,38.9,94.12
2006-12-07,38.12,94.23
2006-12-08,38.46,93.86
2006-12-11,38.69,93.64
2006-12-12,38.46,94.12
2006-12-13,38.5,94.77
2006-12-14,39.02,95.36
2006-12-15,40.01,95.3
2006-12-18,39.26,95.44
2006-12-19,39.42,96.0
2006-12-20,40.01,96.0
2006-12-21,39.89,95.91
2006-12-22,40.24,95.25
2006-12-26,39.8,95.66
2006-12-27,40.29,97.2
2006-12-28,40.21,96.97
2006-12-29,39.46,97.15
2007-01-03,38.7,97.27
2007-01-04,38.9,98.31
2007-01-05,38.37,97.42
2007-01-08,37.5,98.9
2007-01-09,37.78,100.07
2007-01-10,37.15,98.89
2007-01-11,37.4,98.65
2007-01-12,38.2,99.34
2007-01-16,38.66,100.82
2007-01-17,37.88,100.02
2007-01-18,36.98,99.45
2007-01-19,37.02,96.17
2007-01-22,36.95,97.11
2007-01-23,36.43,97.08
2007-01-24,37.26,97.4
2007-01-25,37.08,97.51
2007-01-26,36.85,97.45
2007-01-29,37.43,98.54
2007-01-30,37.05,99.37
2007-01-31,37.67,99.15
2007-02-01,38.7,99.0
2007-02-02,37.39,99.17
2007-02-05,37.16,100.38
2007-02-06,38.27,99.85
2007-02-07,38.98,99.54
2007-02-08,39.1,99.62
2007-02-09,38.72,98.55
2007-02-12,38.85,98.58
2007-02-13,39.31,98.29
2007-02-14,40.14,99.2
2007-02-15,40.06,98.92
2007-02-16,40.33,98.99
2007-02-20,41.51,99.35
2007-02-21,41.26,99.09
2007-02-22,41.0,98.5
2007-02-23,40.78,97.73
2007-02-26,40.88,96.91
2007-02-27,38.83,93.96
2007-02-28,39.14,92.94
2007-03-01,38.85,92.27
2007-03-02,37.69,90.9
2007-03-05,37.05,91.81
2007-03-06,38.58,93.8
2007-03-07,38.36,93.94
2007-03-08,38.1,93.0
2007-03-09,38.84,93.28
2007-03-12,38.81,94.11
2007-03-13,37.82,92.71
2007-03-14,38.08,93.76
2007-03-15,37.78,93.45
2007-03-16,37.85,93.25
2007-03-19,38.45,93.99
2007-03-20,38.58,94.5
2007-03-21,39.8,95.36
2007-03-22,39.49,95.19
2007-03-23,38.98,95.03
2007-03-26,39.01,95.0
2007-03-27,39.37,94.73
2007-03-28,39.34,94.26
2007-03-29,39.81,94.57
2007-03-30,39.79,94.26
2007-04-02,40.42,95.21
2007-04-03,41.19,96.1
2007-04-04,41.53,96.21
2007-04-05,41.68,96.52
2007-04-09,41.66,96.62
2007-04-10,41.86,96.46
2007-04-11,41.68,95.16
2007-04-12,42.27,95.67
2007-04-13,42.41,94.93
2007-04-16,45.2,96.18
2007-04-17,45.07,97.12
2007-04-18,44.99,94.8
2007-04-19,44.64,94.29
2007-04-20,44.95,94.58
2007-04-23,44.77,95.21
2007-04-24,44.75,98.49
2007-04-25,56.81,101.46
2007-04-26,62.78,100.9
2007-04-27,62.6,101.17
2007-04-30,61.33,102.21
2007-05-01,62.04,103.17
2007-05-02,61.18,102.22
2007-05-03,62.19,102.8
2007-05-04,63.23,102.96
2007-05-07,60.82,103.16
2007-05-08,61.83,103.29
2007-05-09,62.85,104.38
2007-05-10,60.92,104.68
2007-05-11,61.56,105.98
2007-05-14,61.7,105.57
2007-05-15,60.58,104.83
2007-05-16,63.22,105.87
2007-05-17,62.17,105.31
2007-05-18,63.3,107.99
2007-05-21,68.3,107.04
2007-05-22,68.88,106.7
2007-05-23,69.0,105.58
2007-05-24,69.35,103.95
2007-05-25,68.55,105.18
2007-05-29,69.63,105.91
2007-05-30,69.86,106.93
2007-05-31,69.14,106.6
2007-06-01,68.58,106.54
2007-06-04,70.42,106.23
2007-06-05,73.65,105.84
2007-06-06,72.29,102.41
2007-06-07,72.04,101.8
2007-06-08,73.24,103.07
2007-06-11,71.17,103.22
2007-06-12,70.07,102.34
2007-06-13,70.89,103.12
2007-06-14,71.94,103.85
2007-06-15,72.4,105.09
2007-06-18,71.83,105.33
2007-06-19,69.81,106.5
2007-06-20,69.1,106.0
2007-06-21,69.67,106.6
2007-06-22,68.86,104.44
2007-06-25,68.66,105.1
2007-06-26,67.48,105.33
2007-06-27,68.14,105.43
2007-06-28,68.89,105.95
2007-06-29,68.41,105.25
2007-07-02,69.61,105.01
2007-07-03,69.45,106.58
2007-07-05,68.73,108.05
2007-07-06,68.97,109.03
2007-07-09,72.07,108.97
2007-07-10,70.28,108.63
2007-07-11,70.73,109.1
2007-07-12,72.79,109.28
2007-07-13,75.1,108.6
2007-07-16,73.69,109.66
2007-07-17,73.79,110.77
2007-07-18,73.32,111.08
2007-07-19,73.35,115.86
2007-07-20,71.63,114.81
2007-07-23,71.74,116.38
2007-07-24,69.25,116.17
2007-07-25,86.18,118.1
2007-07-26,84.01,116.53
2007-07-27,84.04,115.62
2007-07-30,82.7,114.52
2007-07-31,78.54,110.65
2007-08-01,77.31,112.04
2007-08-02,79.71,113.23
2007-08-03,76.8,111.89
2007-08-06,79.0,113.89
2007-08-07,79.14,113.53
2007-08-08,77.78,112.98
2007-08-09,74.11,110.73
2007-08-10,74.78,112.64
2007-08-13,74.87,112.71
2007-08-14,73.45,112.05
2007-08-15,72.38,111.23
2007-08-16,72.79,109.69
2007-08-17,75.02,110.9
2007-08-20,74.7,109.22
2007-08-21,77.49,109.04
2007-08-22,78.5,110.0
2007-08-23,77.3,111.45
2007-08-24,79.25,113.24
2007-08-27,78.65,113.44
2007-08-28,76.22,112.0
2007-08-29,79.05,114.57
2007-08-30,78.68,115.37
2007-08-31,79.91,116.69
2007-09-04,82.7,118.19
2007-09-05,83.75,117.88
2007-09-06,86.21,117.62
2007-09-07,84.52,115.55
2007-09-10,83.34,115.8
2007-09-11,86.28,117.35
2007-09-12,87.3,116.0
2007-09-13,87.26,115.95
2007-09-14,87.77,115.13
2007-09-17,86.91,114.52
2007-09-18,88.75,116.63
2007-09-19,89.0,116.67
2007-09-20,89.65,116.86
2007-09-21,91.3,116.78
2007-09-24,92.59,116.25
2007-09-25,93.48,116.51
2007-09-26,93.43,117.3
2007-09-27,93.38,117.71
2007-09-28,93.15,117.8
2007-10-01,93.41,119.03
2007-10-02,92.36,118.36
2007-10-03,92.46,116.4
2007-10-04,92.26,115.69
2007-10-05,93.43,116.3
2007-10-08,95.85,117.77
2007-10-09,95.32,118.3
2007-10-10,94.66,118.62
2007-10-11,89.34,118.05
2007-10-12,92.37,117.81
2007-10-15,90.53,118.03
2007-10-16,89.53,119.6
2007-10-17,90.55,115.78
2007-10-18,89.85,114.8
2007-10-19,89.76,112.28
2007-10-22,91.29,113.37
2007-10-23,100.82,114.68
2007-10-24,88.73,112.95
2007-10-25,88.21,112.81
2007-10-26,90.0,113.73
2007-10-29,90.1,114.8
2007-10-30,88.24,114.12
2007-10-31,89.15,116.12
2007-11-01,87.65,113.65
2007-11-02,85.98,114.59
2007-11-05,84.37,113.4
2007-11-06,87.27,113.17
2007-11-07,87.04,111.08
2007-11-08,83.58,106.11
2007-11-09,78.89,100.25
2007-11-12,77.0,101.45
2007-11-13,79.86,105.27
2007-11-14,78.51,103.44
2007-11-15,77.85,103.6
2007-11-16,78.6,104.79
2007-11-19,79.18,102.22
2007-11-20,80.39,103.42
2007-11-21,79.76,102.22
2007-11-23,81.43,104.05
2007-11-26,81.3,101.97
2007-11-27,85.59,103.83
2007-11-28,90.3,107.37
2007-11-29,89.15,107.5
2007-11-30,90.56,105.18
2007-12-03,90.91,105.83
2007-12-04,94.41,106.63
2007-12-05,93.19,108.16
2007-12-06,94.21,109.7
2007-12-07,94.31,108.86
2007-12-10,93.02,109.39
2007-12-11,90.75,106.99
2007-12-12,91.28,108.47
2007-12-13,92.4,108.18
2007-12-14,89.08,105.77
2007-12-17,85.09,104.53
2007-12-18,86.89,106.31
2007-12-19,89.38,107.14
2007-12-20,90.58,108.84
2007-12-21,91.26,111.05
2007-12-24,91.01,111.65
2007-12-26,92.85,111.56
2007-12-27,94.25,109.6
2007-12-28,94.45,110.09
2007-12-31,92.64,108.1
2008-01-02,96.25,104.69
2008-01-03,95.21,104.9
2008-01-04,88.79,101.13
2008-01-07,88.82,100.05
2008-01-08,87.88,97.59
2008-01-09,85.22,98.31
2008-01-10,84.26,99.92
2008-01-11,81.08,97.67
2008-01-14,82.87,102.93
2008-01-15,80.24,101.83
2008-01-16,80.35,101.63
2008-01-17,80.12,101.1
2008-01-18,79.76,103.4
2008-01-22,78.48,101.22
2008-01-23,73.97,106.1
2008-01-24,77.67,106.91
2008-01-25,77.6,104.52
2008-01-28,75.82,104.98
2008-01-29,73.95,106.1
2008-01-30,74.21,105.65
2008-01-31,77.7,107.11
2008-02-01,74.63,109.08
2008-02-04,73.95,107.93
2008-02-05,72.09,105.02
2008-02-06,68.49,103.59
2008-02-07,70.91,102.34
2008-02-08,73.5,103.27
2008-02-11,75.19,105.14
2008-02-12,74.45,106.53
2008-02-13,77.73,108.42
2008-02-14,75.8,106.13
2008-02-15,72.96,106.16
2008-02-19,72.08,105.0
2008-02-20,73.64,107.85
2008-02-21,69.9,106.93
2008-02-22,72.08,108.07
2008-02-25,73.27,110.08
2008-02-26,71.69,114.38
2008-02-27,70.87,116.46
2008-02-28,67.85,115.24
2008-02-29,64.47,113.86
2008-03-03,62.43,114.23
2008-03-04,65.34,115.71
2008-03-05,64.99,115.39
2008-03-06,62.74,112.52
2008-03-07,64.09,113.94
2008-03-10,63.47,114.01
2008-03-11,67.15,116.49
2008-03-12,66.51,117.07
2008-03-13,68.32,115.91
2008-03-14,68.22,115.23
2008-03-17,66.53,115.55
2008-03-18,71.7,118.41
2008-03-19,70.17,116.94
2008-03-20,73.19,118.33
2008-03-24,75.95,119.06
2008-03-25,75.17,117.97
2008-03-26,73.8,116.91
2008-03-27,70.8,115.52
2008-03-28,69.76,114.57
2008-03-31,71.3,115.14
2008-04-01,76.7,116.49
2008-04-02,77.37,114.81
2008-04-03,74.94,116.02
2008-04-04,76.87,115.76
2008-04-07,76.9,116.31
2008-04-08,77.3,116.27
2008-04-09,74.39,116.77
2008-04-10,74.83,118.78
2008-04-11,71.99,116.0
2008-04-14,72.61,117.28
2008-04-15,72.5,117.17
2008-04-16,74.59,120.47
2008-04-17,74.04,123.08
2008-04-18,80.1,124.4
2008-04-21,80.18,124.35
2008-04-22,79.6,123.67
2008-04-23,81.0,123.6
2008-04-24,77.69,124.19
2008-04-25,80.86,123.08
2008-04-28,81.97,121.69
2008-04-29,80.74,122.85
2008-04-30,78.63,120.7
2008-05-01,79.36,123.61
2008-05-02,77.31,123.18
2008-05-05,75.92,122.03
2008-05-06,75.71,122.82
2008-05-07,73.18,124.14
2008-05-08,72.79,124.92
2008-05-09,72.41,124.06
2008-05-12,74.53,125.24
2008-05-13,74.56,126.58
2008-05-14,74.2,127.52
2008-05-15,76.12,128.46
2008-05-16,76.46,127.82
2008-05-19,82.29,126.49
2008-05-20,80.72,125.18
2008-05-21,78.3,123.62
2008-05-22,79.26,124.7
2008-05-23,78.35,124.2
2008-05-27,80.62,127.32
2008-05-28,80.08,129.54
2008-05-29,80.35,129.71
2008-05-30,81.62,129.43
2008-06-02,80.23,127.36
2008-06-03,80.11,127.84
2008-06-04,81.5,127.55
2008-06-05,84.51,128.47
2008-06-06,80.63,124.94
2008-06-09,79.43,125.86
2008-06-10,79.62,125.94
2008-06-11,77.28,123.25
2008-06-12,76.15,123.85
2008-06-13,79.17,126.15
2008-06-16,81.7,126.71
2008-06-17,82.97,125.1
2008-06-18,82.52,124.16
2008-06-19,84.26,125.02
2008-06-20,81.1,122.74
2008-06-23,80.68,123.46
2008-06-24,79.64,123.46
2008-06-25,80.51,124.58
2008-06-26,76.3,121.13
2008-06-27,74.66,120.05
2008-06-30,73.33,118.53
2008-07-01,73.62,119.27
2008-07-02,71.44,119.1
2008-07-03,72.0,119.54
2008-07-07,72.49,121.5
2008-07-08,75.04,123.88
2008-07-09,70.61,120.4
2008-07-10,70.63,123.18
2008-07-11,68.54,122.12
2008-07-14,66.28,121.54
2008-07-15,67.03,123.2
2008-07-16,71.84,125.94
2008-07-17,72.11,126.52
2008-07-18,69.12,129.89
2008-07-21,68.48,128.66
2008-07-22,67.97,130.0
2008-07-23,70.54,129.52
2008-07-24,78.72,130.0
2008-07-25,78.31,128.53
2008-07-28,75.98,126.25
2008-07-29,78.21,127.66
2008-07-30,78.21,128.86
2008-07-31,76.34,127.98
2008-08-01,75.75,126.64
2008-08-04,75.71,127.56
2008-08-05,79.11,128.87
2008-08-06,78.09,129.16
2008-08-07,76.95,129.05
2008-08-08,80.51,128.81
2008-08-11,88.09,126.6
2008-08-12,87.25,125.22
2008-08-13,86.69,125.8
2008-08-14,88.03,126.94
2008-08-15,86.4,126.36
2008-08-18,83.11,124.59
2008-08-19,81.29,122.56
2008-08-20,82.13,122.51
2008-08-21,83.26,122.99
2008-08-22,85.26,124.93
2008-08-25,82.85,122.86
2008-08-26,81.76,122.5
2008-08-27,81.73,123.38
2008-08-28,83.42,124.58
2008-08-29,80.81,121.73
2008-09-02,81.41,118.41
2008-09-03,80.77,118.34
2008-09-04,78.03,115.0
2008-09-05,79.19,114.33
2008-09-08,81.16,117.29
2008-09-09,79.04,115.04
2008-09-10,76.74,118.04
2008-09-11,79.51,119.2
2008-09-12,78.3,118.97
2008-09-15,77.34,115.19
2008-09-16,78.73,116.05
2008-09-17,71.54,111.47
2008-09-18,76.5,115.12
2008-09-19,81.0,118.85
2008-09-22,74.93,116.21
2008-09-23,71.76,115.36
2008-09-24,69.96,116.46
2008-09-25,72.08,120.11
2008-09-26,70.7,119.42
2008-09-29,63.35,114.46
2008-09-30,72.76,116.96
2008-10-01,69.58,110.13
2008-10-02,67.36,104.74
2008-10-03,67.0,103.44
2008-10-06,65.23,100.62
2008-10-07,58.52,95.65
2008-10-08,61.02,90.55
2008-10-09,56.0,89.0
2008-10-10,56.25,87.75
2008-10-13,62.02,92.21
2008-10-14,55.86,93.6
2008-10-15,48.72,88.29
2008-10-16,50.29,91.52
2008-10-17,50.65,90.78
2008-10-20,52.97,92.51
2008-10-21,50.23,88.86
2008-10-22,49.99,83.6
2008-10-23,50.32,84.35
2008-10-24,48.96,82.07
2008-10-27,49.58,79.66
2008-10-28,56.04,87.28
2008-10-29,56.89,88.2
2008-10-30,56.71,90.69
2008-10-31,57.24,92.97
2008-11-03,55.77,92.68
2008-11-04,58.45,93.4
2008-11-05,51.98,89.94
2008-11-06,47.22,85.15
2008-11-07,49.21,86.27
2008-11-10,48.46,83.87
2008-11-11,46.3,82.74
2008-11-12,41.56,79.74
2008-11-13,44.93,84.21
2008-11-14,41.75,80.33
2008-11-17,39.69,77.48
2008-11-18,38.44,80.08
2008-11-19,35.84,75.97
2008-11-20,35.03,71.74
2008-11-21,37.87,74.88
2008-11-24,42.5,79.89
2008-11-25,42.19,80.65
2008-11-26,43.96,81.67
2008-11-28,42.7,81.6
2008-12-01,40.47,76.9
2008-12-02,41.19,79.84
2008-12-03,45.21,80.67
2008-12-04,47.32,77.44
2008-12-05,48.26,80.59
2008-12-08,51.41,84.86
2008-12-09,51.25,82.69
2008-12-10,49.7,82.86
2008-12-11,48.25,80.58
2008-12-12,51.25,82.2
2008-12-15,48.85,82.77
2008-12-16,52.63,86.4
2008-12-17,53.18,85.84
2008-12-18,52.08,84.0
2008-12-19,51.56,83.52
2008-12-22,49.84,81.99
2008-12-23,51.08,80.6
2008-12-24,51.44,80.52
2008-12-26,51.78,81.33
2008-12-29,49.4,81.25
2008-12-30,50.76,83.55
2008-12-31,51.28,84.16
2009-01-02,54.36,87.37
2009-01-05,54.06,86.82
2009-01-06,57.36,89.23
2009-01-07,56.2,87.79
2009-01-08,57.16,87.18
2009-01-09,55.51,84.7
2009-01-12,51.92,85.71
2009-01-13,51.45,85.34
2009-01-14,48.49,83.19
2009-01-15,51.44,84.12
2009-01-16,51.59,84.92
2009-01-20,48.44,81.98
2009-01-21,50.54,91.42
2009-01-22,49.94,90.07
2009-01-23,50.63,89.49
2009-01-26,49.63,91.6
2009-01-27,48.44,91.66
2009-01-28,50.36,94.82
2009-01-29,50.0,92.51
2009-01-30,58.82,91.65
2009-02-02,61.15,90.93
2009-02-03,63.59,93.48
2009-02-04,61.06,92.83
2009-02-05,63.18,92.41
2009-02-06,66.55,96.14
2009-02-09,66.71,96.82
2009-02-10,63.31,93.27
2009-02-11,64.35,95.16
2009-02-12,63.96,95.07
2009-02-13,63.26,93.84
2009-02-17,61.67,90.67
2009-02-18,62.35,91.51
2009-02-19,61.95,88.93
2009-02-20,63.86,88.79
2009-02-23,61.71,84.37
2009-02-24,65.6,86.4
2009-02-25,63.71,85.9
2009-02-26,62.34,88.97
2009-02-27,64.79,92.03
2009-03-02,61.99,89.05
2009-03-03,61.7,87.77
2009-03-04,64.81,89.49
2009-03-05,64.77,87.48
2009-03-06,61.69,85.81
2009-03-09,60.49,83.48
2009-03-10,65.71,87.25
2009-03-11,68.54,88.62
2009-03-12,69.58,90.4
2009-03-13,68.63,90.36
2009-03-16,66.98,91.22
2009-03-17,71.35,92.91
2009-03-18,71.25,91.95
2009-03-19,70.1,92.66
2009-03-20,69.96,92.51
2009-03-23,75.58,98.71
2009-03-24,72.81,98.3
2009-03-25,72.4,97.95
2009-03-26,73.69,98.78
2009-03-27,70.52,94.15
2009-03-30,71.44,94.52
2009-03-31,73.44,96.89
2009-04-01,73.5,97.61
2009-04-02,76.34,100.82
2009-04-03,78.17,102.22
2009-04-06,77.99,101.56
2009-04-07,75.51,98.75
2009-04-08,76.98,101.19
2009-04-09,79.77,101.7
2009-04-13,78.94,99.95
2009-04-14,77.22,99.27
2009-04-15,74.71,98.85
2009-04-16,77.25,101.43
2009-04-17,78.05,101.27
2009-04-20,77.57,100.43
2009-04-21,78.74,102.31
2009-04-22,79.2,102.55
2009-04-23,80.61,101.42
2009-04-24,84.46,100.08
2009-04-27,83.12,99.95
2009-04-28,82.4,101.94
2009-04-29,79.79,104.04
2009-04-30,80.52,103.21
2009-05-01,78.96,104.61
2009-05-04,79.77,106.19
2009-05-05,81.9,105.85
2009-05-06,81.99,104.62
2009-05-07,79.28,102.59
2009-05-08,77.95,101.49
2009-05-11,78.61,102.9
2009-05-12,77.93,103.94
2009-05-13,74.19,102.26
2009-05-14,75.11,101.05
2009-05-15,73.6,101.37
2009-05-18,75.95,104.58
2009-05-19,77.87,105.51
2009-05-20,77.97,104.05
2009-05-21,75.96,102.82
2009-05-22,75.64,101.89
2009-05-26,78.39,105.02
2009-05-27,77.1,102.93
2009-05-28,77.65,104.69
2009-05-29,77.99,106.28
2009-06-01,83.05,108.37
2009-06-02,84.93,106.83
2009-06-03,85.68,106.49
2009-06-04,85.52,106.33
2009-06-05,87.56,107.24
2009-06-08,86.36,107.49
2009-06-09,87.08,108.14
2009-06-10,86.59,108.35
2009-06-11,85.69,109.4
2009-06-12,84.08,108.21
2009-06-15,83.18,107.62
2009-06-16,82.15,107.32
2009-06-17,82.65,107.0
2009-06-18,81.6,106.33
2009-06-19,82.96,105.89
2009-06-22,79.15,104.52
2009-06-23,77.68,104.44
2009-06-24,79.27,104.15
2009-06-25,82.2,106.06
2009-06-26,83.88,105.68
2009-06-29,83.03,105.83
2009-06-30,83.66,104.42
2009-07-01,81.6,104.84
2009-07-02,79.32,101.73
2009-07-06,78.1,101.65
2009-07-07,75.63,100.19
2009-07-08,77.36,100.68
2009-07-09,78.1,102.08
2009-07-10,77.63,100.83
2009-07-13,81.47,103.62
2009-07-14,81.95,103.25
2009-07-15,84.55,107.22
2009-07-16,86.11,110.64
2009-07-17,85.85,115.42
2009-07-20,88.23,116.44
2009-07-21,89.01,117.04
2009-07-22,88.79,115.57
2009-07-23,93.87,117.06
2009-07-24,86.49,117.64
2009-07-27,84.24,117.63
2009-07-28,84.98,117.28
2009-07-29,84.34,117.26
2009-07-30,86.09,117.86
2009-07-31,85.76,117.93
2009-08-03,87.44,119.92
2009-08-04,85.8,119.6
2009-08-05,84.29,118.47
2009-08-06,84.47,117.38
2009-08-07,85.32,119.33
2009-08-10,84.44,118.7
2009-08-11,83.56,117.79
2009-08-12,85.96,119.29
2009-08-13,84.6,119.58
2009-08-14,83.58,118.57
2009-08-17,81.06,116.86
2009-08-18,82.12,117.63
2009-08-19,83.0,118.57
2009-08-20,84.09,118.95
2009-08-21,85.0,119.9
2009-08-24,84.5,119.32
2009-08-25,84.19,118.83
2009-08-26,84.0,119.47
2009-08-27,84.31,119.43
2009-08-28,82.76,118.22
2009-08-31,81.19,118.05
2009-09-01,79.16,116.69
2009-09-02,78.14,116.09
2009-09-03,78.46,116.33
2009-09-04,78.87,117.46
2009-09-08,80.9,117.16
2009-09-09,82.24,116.76
2009-09-10,83.85,117.67
2009-09-11,84.54,118.05
2009-09-14,83.86,118.88
2009-09-15,83.55,119.35
2009-09-16,90.7,121.82
2009-09-17,90.44,121.88
2009-09-18,90.28,122.11
2009-09-21,90.56,121.57
2009-09-22,93.75,121.61
2009-09-23,92.38,120.82
2009-09-24,92.11,120.94
2009-09-25,90.52,121.08
2009-09-28,92.21,119.33
2009-09-29,91.72,118.81
2009-09-30,93.36,119.61
2009-10-01,91.04,117.9
2009-10-02,89.85,119.02
2009-10-05,88.67,119.75
2009-10-06,90.91,121.35
2009-10-07,93.97,122.78
2009-10-08,95.22,122.29
2009-10-09,95.71,125.93
2009-10-12,93.6,127.04
2009-10-13,94.83,127.02
2009-10-14,97.46,128.35
2009-10-15,96.01,127.98
2009-10-16,95.32,121.64
2009-10-19,94.68,123.06
2009-10-20,94.98,122.82
2009-10-21,93.42,120.87
2009-10-22,93.45,122.69
2009-10-23,118.49,120.36
2009-10-26,124.64,120.11
2009-10-27,122.07,120.65
2009-10-28,121.64,121.5
2009-10-29,122.58,122.87
2009-10-30,118.81,120.61
2009-11-02,118.84,120.56
2009-11-03,118.37,121.16
2009-11-04,117.1,121.29
2009-11-05,120.61,123.1
2009-11-06,126.2,123.49
2009-11-09,126.67,126.0
2009-11-10,130.15,126.91
2009-11-11,129.91,127.19
2009-11-12,130.53,126.26
2009-11-13,132.97,127.03
2009-11-16,131.59,128.21
2009-11-17,131.25,128.63
2009-11-18,131.29,128.15
2009-11-19,128.99,127.54
2009-11-20,129.66,126.96
2009-11-23,133.0,128.2
2009-11-24,132.94,127.93
2009-11-25,134.03,127.28
2009-11-27,131.74,125.7
2009-11-30,135.91,126.35
2009-12-01,138.5,127.94
2009-12-02,142.25,127.21
2009-12-03,141.17,127.55
2009-12-04,137.58,127.25
2009-12-07,134.21,127.04
2009-12-08,134.11,126.8
2009-12-09,131.31,128.39
2009-12-10,135.38,129.34
2009-12-11,134.15,129.68
2009-12-14,131.38,129.93
2009-12-15,130.23,128.49
2009-12-16,128.36,128.71
2009-12-17,126.91,127.4
2009-12-18,128.48,127.91
2009-12-21,132.79,128.65
2009-12-22,133.75,129.93
2009-12-23,138.94,130.0
2009-12-24,138.47,130.57
2009-12-28,139.31,132.31
2009-12-29,139.41,131.85
2009-12-30,136.49,132.57
2009-12-31,134.52,130.9
2010-01-04,133.9,132.45
2010-01-05,134.69,130.85
2010-01-06,132.25,130.0
2010-01-07,130.0,129.55
2010-01-08,133.52,130.85
2010-01-11,130.31,129.48
2010-01-12,127.35,130.51
2010-01-13,129.11,130.23
2010-01-14,127.35,132.31
2010-01-15,127.14,131.78
2010-01-19,127.61,134.14
2010-01-20,125.78,130.25
2010-01-21,126.62,129.0
2010-01-22,121.43,125.5
2010-01-25,120.31,126.12
2010-01-26,119.48,125.75
2010-01-27,122.75,126.33
2010-01-28,126.03,123.75
2010-01-29,125.41,122.39
2010-02-01,118.87,124.67
2010-02-02,118.12,125.53
2010-02-03,119.1,125.66
2010-02-04,115.94,123.0
2010-02-05,117.39,123.52
2010-02-08,116.83,121.88
2010-02-09,118.03,123.21
2010-02-10,117.36,122.81
2010-02-11,120.09,123.73
2010-02-12,119.66,124.0
2010-02-16,117.53,125.23
2010-02-17,116.31,126.33
2010-02-18,118.08,127.81
2010-02-19,117.52,127.19
2010-02-22,118.01,126.85
2010-02-23,117.24,126.46
2010-02-24,119.72,127.59
2010-02-25,118.2,127.07
2010-02-26,118.4,127.16
2010-03-01,124.54,128.57
2010-03-02,125.53,127.42
2010-03-03,125.89,126.88
2010-03-04,128.53,126.72
2010-03-05,128.91,127.25
2010-03-08,130.11,126.41
2010-03-09,128.82,125.55
2010-03-10,130.51,125.62
2010-03-11,133.58,127.6
2010-03-12,131.82,127.94
2010-03-15,131.13,127.83
2010-03-16,131.79,128.67
2010-03-17,131.34,127.76
2010-03-18,132.76,128.38
2010-03-19,130.35,127.71
2010-03-22,130.47,127.98
2010-03-23,129.26,129.37
2010-03-24,128.04,128.53
2010-03-25,134.73,129.24
2010-03-26,135.06,129.26
2010-03-29,135.12,128.59
2010-03-30,136.58,128.77
2010-03-31,135.77,128.25
2010-04-01,,128.25
2010-04-05,131.49,129.35
2010-04-06,135.56,128.93
2010-04-07,134.87,128.48
2010-04-08,140.96,127.61
2010-04-09,140.06,128.76
2010-04-12,141.2,128.36
2010-04-13,140.16,129.03
2010-04-14,144.28,131.25
2010-04-15,145.82,130.89
2010-04-16,142.17,130.63
2010-04-19,142.43,132.23
2010-04-20,144.2,129.69
2010-04-21,146.43,128.99
2010-04-22,150.09,129.13
2010-04-23,143.63,129.99
2010-04-26,147.11,130.73
2010-04-27,142.02,128.82
2010-04-28,139.35,130.1
2010-04-29,141.73,130.46
2010-04-30,137.1,129.0
2010-05-03,137.49,129.6
2010-05-04,129.83,128.12
2010-05-05,130.93,127.46
2010-05-06,128.71,123.92
2010-05-07,124.98,122.1
2010-05-10,131.29,126.27
2010-05-11,130.46,126.89
2010-05-12,133.87,132.68
2010-05-13,131.47,131.48
2010-05-14,128.53,131.19
2010-05-17,128.91,130.44
2010-05-18,126.28,129.95
2010-05-19,124.59,128.86
2010-05-20,119.71,123.8
2010-05-21,122.72,125.42
2010-05-24,122.12,124.45
2010-05-25,124.86,124.52
2010-05-26,123.21,123.23
2010-05-27,126.7,126.39
2010-05-28,125.46,125.26
2010-06-01,123.24,124.34
2010-06-02,126.31,127.41
2010-06-03,128.76,127.96
2010-06-04,122.77,125.28
2010-06-07,122.01,124.13
2010-06-08,118.84,123.72
2010-06-09,117.91,123.9
2010-06-10,123.21,127.68
2010-06-11,123.03,128.45
2010-06-14,123.83,128.5
2010-06-15,126.84,129.79
2010-06-16,126.9,130.35
2010-06-17,125.89,130.98
2010-06-18,125.83,130.15
2010-06-21,122.55,130.65
2010-06-22,122.31,129.3
2010-06-23,121.45,130.11
2010-06-24,118.33,128.19
2010-06-25,121.0,127.12
2010-06-28,117.8,128.98
2010-06-29,108.61,125.09
2010-06-30,109.26,123.48
2010-07-01,110.96,122.57
2010-07-02,109.14,121.86
2010-07-06,110.06,123.46
2010-07-07,113.43,127.0
2010-07-08,116.22,127.97
2010-07-09,117.26,127.96
2010-07-12,119.51,128.67
2010-07-13,123.65,130.48
2010-07-14,123.3,130.72
2010-07-15,122.06,130.72
2010-07-16,118.49,128.03
2010-07-19,119.94,129.79
2010-07-20,120.1,126.55
2010-07-21,117.43,125.27
2010-07-22,120.07,127.47
2010-07-23,118.87,128.38
2010-07-26,118.4,128.41
2010-07-27,117.13,128.63
2010-07-28,117.13,128.43
2010-07-29,116.86,128.02
2010-07-30,117.89,128.4
2010-08-02,120.07,130.76
2010-08-03,122.42,130.37
2010-08-04,127.58,131.27
2010-08-05,127.83,131.83
2010-08-06,128.32,130.14
2010-08-09,128.83,132.0
2010-08-10,130.0,131.84
2010-08-11,125.89,129.83
2010-08-12,126.56,128.3
2010-08-13,124.69,127.87
2010-08-16,126.07,127.77
2010-08-17,128.86,128.45
2010-08-18,129.65,129.39
2010-08-19,127.57,128.9
2010-08-20,127.76,127.5
2010-08-23,126.6,126.47
2010-08-24,124.53,124.9
2010-08-25,126.85,125.27
2010-08-26,124.86,122.78
2010-08-27,126.64,124.73
2010-08-30,123.79,123.4
2010-08-31,124.83,123.05
2010-09-01,132.49,125.77
2010-09-02,135.21,125.04
2010-09-03,138.79,127.58
2010-09-07,137.22,125.95
2010-09-08,139.14,126.08
2010-09-09,140.38,126.36
2010-09-10,142.44,127.99
2010-09-13,145.07,129.61
2010-09-14,145.75,128.85
2010-09-15,145.45,129.43
2010-09-16,148.13,129.67
2010-09-17,148.32,130.19
2010-09-20,151.3,131.79
2010-09-21,150.73,131.98
2010-09-22,151.83,132.57
2010-09-23,152.85,131.67
2010-09-24,160.73,134.11
2010-09-27,159.37,134.65
2010-09-28,159.7,134.89
2010-09-29,158.99,135.48
2010-09-30,157.06,134.14
2010-10-01,153.71,135.64
2010-10-04,155.39,135.25
2010-10-05,160.87,137.66
2010-10-06,155.4,137.84
2010-10-07,156.27,138.72
2010-10-08,155.55,138.85
2010-10-11,153.03,139.66
2010-10-12,156.48,139.85
2010-10-13,155.17,140.37
2010-10-14,155.53,141.5
2010-10-15,164.64,141.06
2010-10-18,163.56,142.83
2010-10-19,158.67,138.03
2010-10-20,158.67,139.07
2010-10-21,164.97,139.83
2010-10-22,169.13,139.67
2010-10-25,169.0,139.84
2010-10-26,169.95,140.67
2010-10-27,167.51,141.43
2010-10-28,166.84,140.9
2010-10-29,165.23,143.6
2010-11-01,162.58,143.32
2010-11-02,164.61,143.84
2010-11-03,168.47,144.17
2010-11-04,168.93,146.79
2010-11-05,170.77,146.92
2010-11-08,171.99,146.46
2010-11-09,170.27,146.14
2010-11-10,173.33,146.55
2010-11-11,170.37,145.43
2010-11-12,165.68,143.74
2010-11-15,158.9,143.64
2010-11-16,157.78,142.24
2010-11-17,158.35,141.95
2010-11-18,164.17,144.36
2010-11-19,164.82,145.05
2010-11-22,170.39,145.39
2010-11-23,168.2,143.18
2010-11-24,177.25,145.81
2010-11-26,177.2,143.9
2010-11-29,179.49,142.89
2010-11-30,175.4,141.46
2010-12-01,176.55,144.41
2010-12-02,176.53,145.18
2010-12-03,175.68,145.38
2010-12-06,178.05,144.99
2010-12-07,176.77,144.02
2010-12-08,176.29,144.98
2010-12-09,174.85,144.3
2010-12-10,175.62,144.82
2010-12-13,174.25,144.28
2010-12-14,173.94,145.82
2010-12-15,175.57,144.72
2010-12-16,178.04,144.55
2010-12-17,177.58,145.0
2010-12-20,183.29,144.51
2010-12-21,184.75,145.74
2010-12-22,184.76,145.95
2010-12-23,182.59,145.89
2010-12-27,182.14,145.34
2010-12-28,181.09,145.71
2010-12-29,183.37,146.52
2010-12-30,182.75,146.67
2010-12-31,180.0,146.76
2011-01-03,184.22,147.48
2011-01-04,185.01,147.64
2011-01-05,187.42,147.05
2011-01-06,185.86,148.66
2011-01-07,185.49,147.93
2011-01-10,184.68,147.64
2011-01-11,184.34,147.28
2011-01-12,184.08,149.1
2011-01-13,185.53,148.82
2011-01-14,188.75,150.0
2011-01-18,191.25,150.65
2011-01-19,186.87,155.69
2011-01-20,181.96,155.8
2011-01-21,177.42,155.5
2011-01-24,176.85,159.63
2011-01-25,176.7,161.44
2011-01-26,175.39,161.04
2011-01-27,184.45,161.07
2011-01-28,171.14,159.21
2011-01-31,169.64,162.0
2011-02-01,172.11,163.56
2011-02-02,173.53,163.3
2011-02-03,173.71,163.53
2011-02-04,175.93,164.0
2011-02-07,176.43,164.82
2011-02-08,183.06,166.05
2011-02-09,185.3,164.65
2011-02-10,186.21,164.09
2011-02-11,189.25,163.85
2011-02-14,190.42,163.22
2011-02-15,189.03,162.84
2011-02-16,186.62,163.4
2011-02-17,187.76,164.24
2011-02-18,186.5,164.84
2011-02-22,180.42,161.95
2011-02-23,176.68,160.18
2011-02-24,177.75,160.77
2011-02-25,177.24,162.28
2011-02-28,173.29,161.88
2011-03-01,169.44,159.97
2011-03-02,172.02,160.16
2011-03-03,172.79,163.48
2011-03-04,171.67,161.83
2011-03-07,169.08,159.93
2011-03-08,166.89,162.28
2011-03-09,169.05,165.86
2011-03-10,166.14,162.02
2011-03-11,168.07,162.43
2011-03-14,166.73,161.39
2011-03-15,165.08,159.02
2011-03-16,164.7,153.0
2011-03-17,160.97,154.18
2011-03-18,161.82,155.89
2011-03-21,164.52,157.68
2011-03-22,162.6,158.0
2011-03-23,165.32,159.53
2011-03-24,171.1,160.04
2011-03-25,170.98,162.18
2011-03-28,169.35,161.37
2011-03-29,174.62,162.88
2011-03-30,179.42,163.6
2011-03-31,180.13,163.07
2011-04-01,180.13,164.27
2011-04-04,182.94,164.25
2011-04-05,185.29,163.99
2011-04-06,182.76,164.04
2011-04-07,184.91,164.38
2011-04-08,184.71,164.05
2011-04-11,184.04,163.95
2011-04-12,180.48,163.25
2011-04-13,182.29,163.95
2011-04-14,181.82,164.97
2011-04-15,180.01,166.21
2011-04-18,178.34,165.94
2011-04-19,178.82,165.4
2011-04-20,183.87,164.75
2011-04-21,185.89,168.28
2011-04-25,185.42,167.67
2011-04-26,182.3,168.49
2011-04-27,196.63,170.37
2011-04-28,195.07,170.78
2011-04-29,195.81,170.58
2011-05-02,201.19,172.15
2011-05-03,198.45,172.87
2011-05-04,199.97,170.62
2011-05-05,197.11,168.46
2011-05-06,197.6,168.89
2011-05-09,200.8,169.1
2011-05-10,203.94,170.38
2011-05-11,204.38,169.5
2011-05-12,206.07,172.24
2011-05-13,202.56,169.92
2011-05-16,192.51,168.86
2011-05-17,194.81,170.5
2011-05-18,197.09,170.44
2011-05-19,198.8,170.59
2011-05-20,198.65,170.16
2011-05-23,196.22,168.26
2011-05-24,193.27,167.99
2011-05-25,192.26,167.75
2011-05-26,195.0,167.18
2011-05-27,194.13,167.5
2011-05-31,196.69,168.93
2011-06-01,192.4,166.56
2011-06-02,193.65,166.09
2011-06-03,188.32,165.05
2011-06-06,185.69,164.75
2011-06-07,187.55,163.69
2011-06-08,188.05,164.34
2011-06-09,189.68,164.84
2011-06-10,186.53,163.18
2011-06-13,186.29,163.17
2011-06-14,189.96,164.12
2011-06-15,185.98,162.33
2011-06-16,183.65,162.67
2011-06-17,186.37,164.44
2011-06-20,187.72,165.02
2011-06-21,194.23,166.22
2011-06-22,191.63,165.68
2011-06-23,194.16,166.12
2011-06-24,192.55,165.07
2011-06-27,201.25,167.62
2011-06-28,202.35,170.01
2011-06-29,204.18,170.54
2011-06-30,204.49,171.55
2011-07-01,209.49,174.54
2011-07-05,213.19,175.43
2011-07-06,214.19,177.71
2011-07-07,216.74,176.48
2011-07-08,218.28,176.49
2011-07-11,212.55,174.99
2011-07-12,211.23,174.05
2011-07-13,213.5,174.32
2011-07-14,210.38,174.23
2011-07-15,212.87,175.54
2011-07-18,211.53,175.28
2011-07-19,218.06,185.21
2011-07-20,215.55,183.65
2011-07-21,213.21,184.9
2011-07-22,216.52,185.18
2011-07-25,213.49,183.7
2011-07-26,214.18,182.93
2011-07-27,222.52,181.35
2011-07-28,223.9,181.8
2011-07-29,222.52,181.85
2011-08-01,221.32,180.75
2011-08-02,209.64,178.05
2011-08-03,209.96,178.83
2011-08-04,201.48,171.48
2011-08-05,202.7,172.98
2011-08-08,193.7,166.22
2011-08-09,205.09,170.61
2011-08-10,194.13,162.54
2011-08-11,198.36,166.73
2011-08-12,202.3,168.2
2011-08-15,202.95,172.99
2011-08-16,197.68,171.24
2011-08-17,195.93,171.48
2011-08-18,182.52,163.83
2011-08-19,178.93,157.54
2011-08-22,177.54,158.98
2011-08-23,193.55,164.32
2011-08-24,193.73,166.76
2011-08-25,192.03,165.58
2011-08-26,199.27,169.14
2011-08-29,206.53,172.62
2011-08-30,210.92,172.51
2011-08-31,215.23,171.91
2011-09-01,212.54,170.33
2011-09-02,210.0,166.98
2011-09-06,216.18,165.11
2011-09-07,219.9,167.31
2011-09-08,217.26,165.25
2011-09-09,211.39,161.37
2011-09-12,216.56,162.42
2011-09-13,219.53,163.43
2011-09-14,222.57,167.24
2011-09-15,226.78,170.09
2011-09-16,239.3,172.99
2011-09-19,241.69,173.13
2011-09-20,233.25,174.72
2011-09-21,231.87,173.02
2011-09-22,223.23,168.62
2011-09-23,223.61,169.34
2011-09-26,229.85,174.51
2011-09-27,224.21,177.71
2011-09-28,229.71,177.55
2011-09-29,222.44,179.17
2011-09-30,216.23,174.87
2011-10-03,211.98,173.29
2011-10-04,212.5,174.74
2011-10-05,219.5,176.85
2011-10-06,221.51,181.69
2011-10-07,224.74,182.39
2011-10-10,231.32,186.62
2011-10-11,235.48,185.0
2011-10-12,236.81,186.12
2011-10-13,236.15,186.82
2011-10-14,246.71,190.53
2011-10-17,242.33,186.59
2011-10-18,243.88,178.9
2011-10-19,231.53,177.39
2011-10-20,233.61,177.25
2011-10-21,234.78,181.63
2011-10-24,237.61,182.25
2011-10-25,227.15,180.36
2011-10-26,198.4,181.97
2011-10-27,206.78,186.34
2011-10-28,217.32,187.45
2011-10-31,213.51,184.63
2011-11-01,212.1,181.35
2011-11-02,215.62,183.92
2011-11-03,218.29,187.3
2011-11-04,216.48,186.38
2011-11-07,217.0,187.32
2011-11-08,217.99,187.25
2011-11-09,211.22,182.24
2011-11-10,210.79,183.35
2011-11-11,217.39,187.38
2011-11-14,218.93,187.35
2011-11-15,217.83,188.75
2011-11-16,211.99,186.62
2011-11-17,204.52,185.73
2011-11-18,197.14,185.24
2011-11-21,189.25,181.48
2011-11-22,192.34,181.31
2011-11-23,188.99,177.95
2011-11-25,182.4,177.06
2011-11-28,194.15,182.21
2011-11-29,188.39,180.94
2011-11-30,192.29,188.0
2011-12-01,197.13,189.45
2011-12-02,196.03,189.66
2011-12-05,196.24,190.84
2011-12-06,191.99,192.94
2011-12-07,195.32,194.05
2011-12-08,190.48,191.58
2011-12-09,193.03,194.56
2011-12-12,189.52,192.18
2011-12-13,180.51,191.15
2011-12-14,180.21,188.72
2011-12-15,181.26,187.48
2011-12-16,181.26,183.57
2011-12-19,179.33,182.89
2011-12-20,182.52,187.24
2011-12-21,174.35,181.47
2011-12-22,179.03,182.04
2011-12-23,177.28,184.75
2011-12-27,176.27,184.95
2011-12-28,173.89,183.99
2011-12-29,173.86,186.18
2011-12-30,173.1,183.88
2012-01-03,179.03,186.3
2012-01-04,177.51,185.54
2012-01-05,177.61,184.66
2012-01-06,182.61,182.54
2012-01-09,178.56,181.59
2012-01-10,179.34,181.31
2012-01-11,178.9,182.32
2012-01-12,175.93,180.55
2012-01-13,178.42,179.16
2012-01-17,181.66,180.0
2012-01-18,189.44,181.07
2012-01-19,194.45,180.52
2012-01-20,190.93,188.52
2012-01-23,186.09,189.98
2012-01-24,187.0,191.93
2012-01-25,187.8,191.73
2012-01-26,193.32,190.98
2012-01-27,195.37,190.46
2012-01-30,192.15,192.5
2012-01-31,194.44,192.6
2012-02-01,179.46,192.62
2012-02-02,181.72,191.53
2012-02-03,187.68,193.64
2012-02-06,183.14,192.82
2012-02-07,184.19,193.35
2012-02-08,185.48,192.95
2012-02-09,184.98,193.13
2012-02-10,185.54,192.42
2012-02-13,191.59,192.62
2012-02-14,191.3,192.22
2012-02-15,184.47,192.25
2012-02-16,179.93,193.02
2012-02-17,182.5,193.42
2012-02-21,182.26,193.39
2012-02-22,180.58,193.87
2012-02-23,178.89,197.61
2012-02-24,179.13,197.76
2012-02-27,178.53,197.53
2012-02-28,183.8,197.98
2012-02-29,179.69,196.73
2012-03-01,180.04,197.53
2012-03-02,179.3,198.81
2012-03-05,180.26,200.66
2012-03-06,181.09,197.26
2012-03-07,183.77,197.77
2012-03-08,187.64,199.81
2012-03-09,184.32,200.62
2012-03-12,183.39,201.0
2012-03-13,184.59,203.78
2012-03-14,182.26,204.72
2012-03-15,184.43,206.0
2012-03-16,185.05,206.01
2012-03-19,185.52,205.72
2012-03-20,192.33,204.25
2012-03-21,191.73,204.69
2012-03-22,192.4,205.49
2012-03-23,195.04,205.48
2012-03-26,202.87,207.77
2012-03-27,205.44,207.18
2012-03-28,201.16,207.29
2012-03-29,204.61,208.27
2012-03-30,202.51,208.65
2012-04-02,198.05,209.47
2012-04-03,199.66,209.5
2012-04-04,193.99,206.05
2012-04-05,194.39,205.47
2012-04-09,191.87,204.94
2012-04-10,186.98,202.33
2012-04-11,187.97,202.58
2012-04-12,190.69,205.32
2012-04-13,188.46,202.8
2012-04-16,185.5,202.72
2012-04-17,188.39,207.45
2012-04-18,191.07,200.13
2012-04-19,191.1,199.51
2012-04-20,189.98,199.6
2012-04-23,188.24,198.62
2012-04-24,190.33,200.0
2012-04-25,194.42,203.57
2012-04-26,195.99,205.58
2012-04-27,226.85,206.81
2012-04-30,231.9,207.08
2012-05-01,230.04,208.0
2012-05-02,230.25,208.06
2012-05-03,229.45,207.24
2012-05-04,223.99,204.99
2012-05-07,225.16,203.75
2012-05-08,223.9,201.48
2012-05-09,222.98,201.23
2012-05-10,226.69,200.6
2012-05-11,227.68,201.17
2012-05-14,222.93,199.44
2012-05-15,224.39,199.04
2012-05-16,224.06,199.73
2012-05-17,218.36,197.89
2012-05-18,213.85,195.88
2012-05-21,218.11,197.76
2012-05-22,215.33,196.82
2012-05-23,217.28,196.12
2012-05-24,215.24,196.09
2012-05-25,212.89,194.3
2012-05-29,214.75,196.46
2012-05-30,209.23,194.53
2012-05-31,212.91,192.9
2012-06-01,208.22,189.08
2012-06-04,214.57,188.54
2012-06-05,213.21,189.2
2012-06-06,217.64,193.99
2012-06-07,218.8,194.44
2012-06-08,218.48,195.14
2012-06-11,216.5,192.51
2012-06-12,216.42,194.55
2012-06-13,214.73,193.1
2012-06-14,214.45,195.1
2012-06-15,218.35,199.1
2012-06-18,222.66,198.29
2012-06-19,224.03,198.93
2012-06-20,223.02,198.78
2012-06-21,220.58,193.39
2012-06-22,222.16,193.7
2012-06-25,220.07,192.86
2012-06-26,225.61,191.95
2012-06-27,225.62,193.0
2012-06-28,221.31,191.4
2012-06-29,228.35,195.58
2012-07-02,229.32,195.83
2012-07-03,229.53,195.93
2012-07-05,227.06,195.29
2012-07-06,225.05,191.41
2012-07-09,225.05,189.67
2012-07-10,219.5,186.26
2012-07-11,218.37,185.25
2012-07-12,215.36,183.09
2012-07-13,218.39,186.01
2012-07-16,216.01,184.79
2012-07-17,216.93,183.65
2012-07-18,217.47,188.25
2012-07-19,226.17,195.34
2012-07-20,228.29,192.45
2012-07-23,226.01,190.83
2012-07-24,223.04,190.34
2012-07-25,217.05,191.08
2012-07-26,220.01,193.95
2012-07-27,237.32,196.39
2012-07-30,236.09,196.68
2012-07-31,233.3,195.98
2012-08-01,232.09,195.18
2012-08-02,230.81,194.45
2012-08-03,234.97,198.52
2012-08-06,233.99,198.76
2012-08-07,236.56,199.93
2012-08-08,234.38,199.03
2012-08-09,234.06,198.42
2012-08-10,232.75,199.29
2012-08-13,232.44,199.01
2012-08-14,233.19,198.29
2012-08-15,237.42,198.4
2012-08-16,241.55,200.84
2012-08-17,241.17,201.22
2012-08-20,240.35,200.5
2012-08-21,239.45,198.65
2012-08-22,243.1,197.25
2012-08-23,241.2,195.7
2012-08-24,245.74,197.77
2012-08-27,243.92,195.69
2012-08-28,246.11,194.87
2012-08-29,247.12,195.08
2012-08-30,246.22,193.37
2012-08-31,248.27,194.85
2012-09-04,247.88,194.54
2012-09-05,246.22,195.04
2012-09-06,251.38,199.1
2012-09-07,259.14,199.5
2012-09-10,257.09,200.95
2012-09-11,255.67,203.27
2012-09-12,255.63,203.77
2012-09-13,260.24,206.36
2012-09-14,261.27,206.81
2012-09-17,258.0,207.15
2012-09-18,258.75,207.07
2012-09-19,261.68,206.43
2012-09-20,260.81,206.18
2012-09-21,257.47,205.98
2012-09-24,254.8,205.29
2012-09-25,252.46,204.98
2012-09-26,249.67,204.0
2012-09-27,256.59,205.91
2012-09-28,254.32,207.45
2012-10-01,252.01,210.47
2012-10-02,250.6,209.84
2012-10-03,255.92,210.51
2012-10-04,260.47,210.39
2012-10-05,258.51,210.59
2012-10-08,259.06,209.82
2012-10-09,250.96,207.99
2012-10-10,244.99,205.82
2012-10-11,244.22,205.76
2012-10-12,242.36,207.8
2012-10-15,244.18,208.93
2012-10-16,243.94,211.0
2012-10-17,247.49,200.63
2012-10-18,244.85,194.96
2012-10-19,240.0,193.36
2012-10-22,233.78,194.4
2012-10-23,234.31,191.25
2012-10-24,228.49,190.72
2012-10-25,222.92,191.6
2012-10-26,238.24,193.27
2012-10-31,232.89,194.53
2012-11-01,232.14,197.15
2012-11-02,232.42,193.43
2012-11-05,234.33,194.14
2012-11-06,237.56,195.07
2012-11-07,232.06,191.16
2012-11-08,227.35,190.1
2012-11-09,226.31,189.64
2012-11-12,226.47,189.25
2012-11-13,226.6,188.32
2012-11-14,222.95,185.51
2012-11-15,220.6,185.85
2012-11-16,225.23,186.94
2012-11-19,229.71,190.35
2012-11-20,233.78,189.2
2012-11-21,238.03,190.29
2012-11-23,239.88,193.49
2012-11-26,243.62,192.88
2012-11-27,243.4,191.23
2012-11-28,247.11,191.98
2012-11-29,251.27,191.53
2012-11-30,252.05,190.07
2012-12-03,250.33,189.48
2012-12-04,252.49,189.36
2012-12-05,253.96,188.65
2012-12-06,253.37,189.7
2012-12-07,253.27,191.95
2012-12-10,247.77,192.62
2012-12-11,250.69,194.2
2012-12-12,251.76,192.95
2012-12-13,251.25,191.99
2012-12-14,249.19,191.76
2012-12-17,253.86,193.62
2012-12-18,260.4,195.69
2012-12-19,257.99,195.08
2012-12-20,261.5,194.77
2012-12-21,256.92,193.42
2012-12-24,258.62,192.4
2012-12-26,248.63,191.95
2012-12-27,248.31,192.71
2012-12-28,245.18,189.83
2012-12-31,250.87,191.55
2013-01-02,257.31,196.35
2013-01-03,258.48,195.27
2013-01-04,259.15,193.99
2013-01-07,268.46,193.14
2013-01-08,266.38,192.87
2013-01-09,266.35,192.32
2013-01-10,265.34,192.88
2013-01-11,267.94,194.45
2013-01-14,272.73,192.62
2013-01-15,271.9,192.5
2013-01-16,268.93,192.59
2013-01-17,270.48,193.65
2013-01-18,272.12,194.47
2013-01-22,270.19,196.08
2013-01-23,268.11,204.72
2013-01-24,273.62,204.42
2013-01-25,283.99,204.97
2013-01-28,276.04,204.93
2013-01-29,260.35,203.9
2013-01-30,272.76,203.52
2013-01-31,265.5,203.07
2013-02-01,265.0,205.18
2013-02-04,259.98,203.79
2013-02-05,266.89,202.79
2013-02-06,262.22,201.02
2013-02-07,260.23,199.74
2013-02-08,261.95,201.68
2013-02-11,257.21,200.16
2013-02-12,258.7,200.04
2013-02-13,269.47,200.09
2013-02-14,269.24,199.65
2013-02-15,265.09,200.98
2013-02-19,269.75,200.32
2013-02-20,266.41,199.31
2013-02-21,265.94,198.33
2013-02-22,265.42,201.09
2013-02-25,259.87,197.51
2013-02-26,259.36,199.14
2013-02-27,263.25,202.33
2013-02-28,264.27,200.83
2013-03-01,265.74,202.91
2013-03-04,273.11,205.19
2013-03-05,275.59,206.53
2013-03-06,273.79,208.38
2013-03-07,273.88,209.42
2013-03-08,274.19,210.38
2013-03-11,271.24,210.08
2013-03-12,274.13,210.55
2013-03-13,275.1,212.06
2013-03-14,265.74,215.8
2013-03-15,261.82,214.92
2013-03-18,257.89,213.21
2013-03-19,256.41,213.44
2013-03-20,257.28,215.06
2013-03-21,253.39,212.26
2013-03-22,257.75,212.08
2013-03-25,256.02,210.74
2013-03-26,260.31,212.36
2013-03-27,265.3,210.89
2013-03-28,266.49,213.3
2013-04-01,261.61,212.38
2013-04-02,263.32,214.36
2013-04-03,259.03,212.66
2013-04-04,259.08,211.31
2013-04-05,255.48,209.41
2013-04-08,258.95,209.32
2013-04-09,261.14,209.22
2013-04-10,264.77,212.0
2013-04-11,269.85,212.92
2013-04-12,272.87,211.38
2013-04-15,267.72,209.26
2013-04-16,272.34,212.0
2013-04-17,267.4,209.67
2013-04-18,259.42,207.15
2013-04-19,260.32,190.0
2013-04-22,263.55,187.83
2013-04-23,268.9,191.61
2013-04-24,268.78,191.71
2013-04-25,274.7,193.95
2013-04-26,254.81,194.31
2013-04-29,249.74,199.15
2013-04-30,253.81,202.54
2013-05-01,248.23,199.63
2013-05-02,252.55,202.39
2013-05-03,258.05,204.51
2013-05-06,255.72,202.78
2013-05-07,257.73,203.63
2013-05-08,258.68,204.82
2013-05-09,260.16,203.24
2013-05-10,263.63,204.47
2013-05-13,264.51,202.47
2013-05-14,268.33,203.21
2013-05-15,266.56,203.32
2013-05-16,264.12,204.69
2013-05-17,269.9,208.44
2013-05-20,267.63,207.6
2013-05-21,268.86,208.65
2013-05-22,262.96,206.99
2013-05-23,261.8,206.16
2013-05-24,261.74,205.72
2013-05-28,267.29,207.78
2013-05-29,265.53,207.92
2013-05-30,266.83,209.36
2013-05-31,269.2,208.02
2013-06-03,266.88,208.95
2013-06-04,265.7,206.19
2013-06-05,267.17,202.74
2013-06-06,267.83,203.8
2013-06-07,276.87,206.35
2013-06-10,281.07,205.02
2013-06-11,274.78,203.98
2013-06-12,271.67,201.2
2013-06-13,275.79,203.77
2013-06-14,273.99,202.2
2013-06-17,278.06,203.04
2013-06-18,281.76,204.87
2013-06-19,278.16,201.94
2013-06-20,273.44,197.35
2013-06-21,273.36,195.46
2013-06-24,270.61,193.54
2013-06-25,272.09,194.98
2013-06-26,277.57,194.86
2013-06-27,277.55,195.65
2013-06-28,277.69,191.11
2013-07-01,282.1,191.28
2013-07-02,283.73,191.5
2013-07-03,284.03,193.25
2013-07-05,285.88,194.93
2013-07-08,290.59,194.98
2013-07-09,291.53,191.3
2013-07-10,292.33,192.25
2013-07-11,299.66,192.8
2013-07-12,307.55,192.07
2013-07-15,306.57,194.0
2013-07-16,306.87,193.85
2013-07-17,308.69,194.55
2013-07-18,304.11,197.99
2013-07-19,305.23,193.54
2013-07-22,303.48,194.09
2013-07-23,301.06,194.98
2013-07-24,298.94,196.61
2013-07-25,303.4,197.22
2013-07-26,312.01,197.35
2013-07-29,306.1,196.21
2013-07-30,302.41,196.01
2013-07-31,301.22,195.04
2013-08-01,305.57,195.81
2013-08-02,304.21,195.16
2013-08-05,300.99,195.5
2013-08-06,300.75,190.99
2013-08-07,296.91,188.56
2013-08-08,295.74,187.93
2013-08-09,297.26,187.82
2013-08-12,296.69,189.09
2013-08-13,293.97,188.42
2013-08-14,291.34,187.53
2013-08-15,286.47,185.79
2013-08-16,284.82,185.34
2013-08-19,285.57,184.23
2013-08-20,287.09,184.56
2013-08-21,284.57,184.86
2013-08-22,289.73,185.19
2013-08-23,290.01,185.42
2013-08-26,286.21,184.74
2013-08-27,280.93,182.74
2013-08-28,281.58,182.16
2013-08-29,283.98,182.64
2013-08-30,280.98,182.27
2013-09-03,288.8,183.96
2013-09-04,293.64,183.13
2013-09-05,294.1,184.15
2013-09-06,295.86,183.03
2013-09-09,299.71,184.98
2013-09-10,300.36,186.6
2013-09-11,299.64,190.7
2013-09-12,298.86,190.73
2013-09-13,297.92,192.17
2013-09-16,296.06,193.15
2013-09-17,304.17,192.16
2013-09-18,312.03,194.42
2013-09-19,312.06,193.39
2013-09-20,316.34,190.02
2013-09-23,311.49,190.99
2013-09-24,314.13,189.97
2013-09-25,312.65,189.47
2013-09-26,318.12,190.22
2013-09-27,316.01,186.92
2013-09-30,312.64,185.18
2013-10-01,320.95,186.38
2013-10-02,320.51,184.96
2013-10-03,314.76,183.86
2013-10-04,319.04,184.1
2013-10-07,310.03,182.01
2013-10-08,303.23,178.72
2013-10-09,298.23,181.32
2013-10-10,305.17,184.77
2013-10-11,310.89,186.16
2013-10-14,310.7,186.97
2013-10-15,306.4,184.66
2013-10-16,310.49,186.73
2013-10-17,310.77,174.83
2013-10-18,328.93,173.78
2013-10-21,326.44,172.86
2013-10-22,332.54,174.97
2013-10-23,326.76,175.77
2013-10-24,332.21,177.8
2013-10-25,363.39,176.85
2013-10-28,358.16,177.35
2013-10-29,362.7,182.12
2013-10-30,361.08,180.15
2013-10-31,364.03,179.21
2013-11-01,359.0,179.23
2013-11-04,358.74,180.27
2013-11-05,358.89,177.85
2013-11-06,356.18,179.19
2013-11-07,343.56,180.0
2013-11-08,350.31,179.99
2013-11-11,354.38,182.88
2013-11-12,349.53,183.07
2013-11-13,356.22,183.55
2013-11-14,367.4,182.21
2013-11-15,369.17,183.19
2013-11-18,366.18,184.47
2013-11-19,364.94,185.25
2013-11-20,362.57,185.19
2013-11-21,368.92,184.13
2013-11-22,372.31,181.3
2013-11-25,376.64,178.94
2013-11-26,381.37,177.31
2013-11-27,386.71,178.97
2013-11-29,393.62,179.68
2013-12-02,392.3,177.48
2013-12-03,384.66,176.08
2013-12-04,385.96,175.74
2013-12-05,384.49,176.08
2013-12-06,386.95,177.67
2013-12-09,384.89,177.46
2013-12-10,387.78,177.12
2013-12-11,382.19,175.2
2013-12-12,381.25,173.37
2013-12-13,384.24,172.8
2013-12-16,388.97,177.85
2013-12-17,387.65,175.76
2013-12-18,395.96,178.7
2013-12-19,395.19,180.22
2013-12-20,402.2,180.02
2013-12-23,402.92,182.23
2013-12-24,399.2,183.22
2013-12-26,404.39,185.35
2013-12-27,398.08,185.08
2013-12-30,393.37,186.41
2013-12-31,398.79,187.57
2014-01-02,397.97,185.53
2014-01-03,396.44,186.64
2014-01-06,393.63,186.0
2014-01-07,398.03,189.71
2014-01-08,401.92,187.97
2014-01-09,401.01,187.38
2014-01-10,397.66,187.26
2014-01-13,390.98,184.16
2014-01-14,397.54,185.92
2014-01-15,395.87,187.74
2014-01-16,395.8,188.76
2014-01-17,399.61,190.09
2014-01-21,407.05,188.43
2014-01-22,404.54,182.25
2014-01-23,399.87,182.73
2014-01-24,387.6,179.64
2014-01-27,386.28,177.9
2014-01-28,394.43,176.85
2014-01-29,384.2,176.4
2014-01-30,403.01,177.36
2014-01-31,358.69,176.68
2014-02-03,346.15,172.9
2014-02-04,347.95,172.84
2014-02-05,346.45,174.24
2014-02-06,354.59,174.67
2014-02-07,361.08,177.25
2014-02-10,360.87,177.14
2014-02-11,361.79,179.7
2014-02-12,349.25,180.24
2014-02-13,357.2,181.84
2014-02-14,357.35,183.69
2014-02-18,353.65,183.19
2014-02-19,347.38,182.95
2014-02-20,349.8,184.26
2014-02-21,346.76,182.79
2014-02-24,351.78,183.45
2014-02-25,358.32,183.23
2014-02-26,359.8,184.06
2014-02-27,360.13,185.27
2014-02-28,362.1,185.17
2014-03-03,359.78,184.26
2014-03-04,363.9,186.44
2014-03-05,372.37,187.14
2014-03-06,372.16,187.64
2014-03-07,372.06,187.68
2014-03-10,370.53,186.39
2014-03-11,368.82,186.76
2014-03-12,370.64,186.22
2014-03-13,371.51,183.9
2014-03-14,373.74,182.21
2014-03-17,375.04,185.81
2014-03-18,378.77,186.81
2014-03-19,373.23,184.71
2014-03-20,368.97,187.9
2014-03-21,360.62,186.67
2014-03-24,351.85,188.25
2014-03-25,354.71,195.04
2014-03-26,343.41,192.62
2014-03-27,338.47,189.83
2014-03-28,338.29,190.45
2014-03-31,336.36,192.49
2014-04-01,342.99,194.5
2014-04-02,341.96,193.55
2014-04-03,333.62,192.69
2014-04-04,323.0,191.77
2014-04-07,317.76,194.52
2014-04-08,327.07,193.29
2014-04-09,331.8,196.64
2014-04-10,317.11,195.68
2014-04-11,311.73,195.19
2014-04-14,315.91,197.77
2014-04-15,316.08,197.02
2014-04-16,323.68,196.4
2014-04-17,324.91,190.01
2014-04-21,330.87,192.27
2014-04-22,329.32,192.15
2014-04-23,324.58,191.73
2014-04-24,337.15,190.22
2014-04-25,303.83,189.63
2014-04-28,296.58,193.14
2014-04-29,300.38,195.11
2014-04-30,304.13,196.47
2014-05-01,307.89,193.53
2014-05-02,308.01,191.44
2014-05-05,310.05,191.26
2014-05-06,297.38,190.03
2014-05-07,292.71,189.3
2014-05-08,288.32,188.91
2014-05-09,292.24,190.08
2014-05-12,302.86,192.57
2014-05-13,304.64,192.19
2014-05-14,297.62,188.72
2014-05-15,295.19,186.46
2014-05-16,297.7,187.06
2014-05-19,296.76,187.0
2014-05-20,301.19,184.89
2014-05-21,305.01,186.39
2014-05-22,304.91,185.68
2014-05-23,312.24,185.94
2014-05-27,310.82,184.78
2014-05-28,310.16,183.08
2014-05-29,313.78,183.76
2014-05-30,312.55,184.36
2014-06-02,308.84,185.69
2014-06-03,307.19,184.37
2014-06-04,306.78,184.51
2014-06-05,323.57,185.98
2014-06-06,329.67,186.37
2014-06-09,327.5,186.22
2014-06-10,332.41,184.29
2014-06-11,335.2,182.25
2014-06-12,325.91,181.22
2014-06-13,326.27,182.56
2014-06-16,327.62,182.35
2014-06-17,325.62,182.26
2014-06-18,334.38,183.6
2014-06-19,327.0,182.82
2014-06-20,324.2,181.55
2014-06-23,327.24,182.14
2014-06-24,324.16,180.88
2014-06-25,327.44,180.72
2014-06-26,325.69,180.37
2014-06-27,324.57,181.71
2014-06-30,324.78,181.27
2014-07-01,332.39,186.35
2014-07-02,332.85,188.39
2014-07-03,337.49,188.53
2014-07-07,333.55,188.04
2014-07-08,323.81,187.22
2014-07-09,329.97,188.42
2014-07-10,327.92,187.7
2014-07-11,346.2,188.0
2014-07-14,355.32,189.86
2014-07-15,354.44,188.49
2014-07-16,355.9,192.36
2014-07-17,352.45,192.49
2014-07-18,358.66,192.5
2014-07-21,359.76,190.85
2014-07-22,360.84,194.09
2014-07-23,358.14,193.63
2014-07-24,358.61,195.24
2014-07-25,324.01,194.4
2014-07-28,320.41,195.78
2014-07-29,320.0,194.57
2014-07-30,322.51,194.0
2014-07-31,312.99,191.67
2014-08-01,307.06,189.15
2014-08-04,313.65,189.64
2014-08-05,312.32,187.1
2014-08-06,313.89,185.97
2014-08-07,311.45,184.3
2014-08-08,316.8,186.63
2014-08-11,318.33,187.47
2014-08-12,319.32,187.34
2014-08-13,326.28,187.95
2014-08-14,333.21,187.88
2014-08-15,333.63,187.38
2014-08-18,334.53,189.36
2014-08-19,335.13,190.07
2014-08-20,335.78,190.1
2014-08-21,332.91,191.23
2014-08-22,331.59,190.41
2014-08-25,334.02,191.16
2014-08-26,341.83,192.99
2014-08-27,343.18,192.25
2014-08-28,340.02,192.0
2014-08-29,339.04,192.3
2014-09-02,342.38,191.56
2014-09-03,339.0,191.95
2014-09-04,345.95,190.68
2014-09-05,346.38,191.2
2014-09-08,342.34,190.14
2014-09-09,329.75,189.99
2014-09-10,331.33,191.54
2014-09-11,330.52,191.72
2014-09-12,331.19,191.28
2014-09-15,323.89,191.81
2014-09-16,327.76,192.96
2014-09-17,324.0,192.8
2014-09-18,325.0,193.75
2014-09-19,331.32,194.0
2014-09-22,324.5,193.11
2014-09-23,323.63,191.62
2014-09-24,328.21,192.31
2014-09-25,321.93,189.01
2014-09-26,323.21,190.06
2014-09-29,321.82,189.64
2014-09-30,322.44,189.83
2014-10-01,317.46,187.17
2014-10-02,318.41,186.91
2014-10-03,322.74,188.67
2014-10-06,322.2,189.04
2014-10-07,316.98,185.71
2014-10-08,322.7,189.36
2014-10-09,315.37,186.42
2014-10-10,311.39,185.93
2014-10-13,306.45,183.52
2014-10-14,308.31,183.8
2014-10-15,305.97,181.75
2014-10-16,302.86,179.84
2014-10-17,303.64,182.05
2014-10-20,306.21,169.1
2014-10-21,315.33,163.23
2014-10-22,312.97,161.79
2014-10-23,313.18,162.18
2014-10-24,287.06,162.08
2014-10-27,289.97,161.87
2014-10-28,295.59,163.6
2014-10-29,294.12,163.46
2014-10-30,299.07,164.35
2014-10-31,305.46,164.4
2014-11-03,305.72,164.36
2014-11-04,302.81,162.65
2014-11-05,296.52,161.82
2014-11-06,296.64,161.46
2014-11-07,299.86,162.07
2014-11-10,305.11,163.49
2014-11-11,312.01,163.3
2014-11-12,311.51,161.92
2014-11-13,316.48,162.79
2014-11-14,327.82,164.16
2014-11-17,323.05,164.16
2014-11-18,324.93,161.89
2014-11-19,326.54,161.43
2014-11-20,330.54,160.64
2014-11-21,332.63,160.92
2014-11-24,335.64,162.15
2014-11-25,335.04,161.76
2014-11-26,333.57,161.95
2014-11-28,338.64,162.17
2014-12-01,326.0,161.54
2014-12-02,326.31,162.67
2014-12-03,316.5,164.52
2014-12-04,316.93,164.05
2014-12-05,312.63,163.27
2014-12-08,306.64,161.86
2014-12-09,312.5,162.99
2014-12-10,305.84,160.51
2014-12-11,307.36,161.07
2014-12-12,307.32,155.38
2014-12-15,306.07,153.06
2014-12-16,295.06,151.41
2014-12-17,298.88,151.93
2014-12-18,297.73,157.68
2014-12-19,299.9,158.51
2014-12-22,306.54,161.44
2014-12-23,306.28,162.24
2014-12-24,303.03,161.82
2014-12-26,309.09,162.34
2014-12-29,312.04,160.51
2014-12-30,310.3,160.05
2014-12-31,310.35,160.44
2015-01-02,308.52,162.06
2015-01-05,302.19,159.51
2015-01-06,295.29,156.07
2015-01-07,298.42,155.05
2015-01-08,300.46,158.42
2015-01-09,296.93,159.11
2015-01-12,291.41,156.44
2015-01-13,294.74,156.81
2015-01-14,293.27,155.8
2015-01-15,286.95,154.57
2015-01-16,290.74,157.14
2015-01-20,289.44,156.95
2015-01-21,297.25,152.09
2015-01-22,310.32,155.39
2015-01-23,312.39,155.87
2015-01-26,309.66,156.36
2015-01-27,306.75,153.67
2015-01-28,303.91,151.55
2015-01-29,311.78,155.48
2015-01-30,354.53,153.31
2015-02-02,364.47,154.66
2015-02-03,363.55,158.47
2015-02-04,364.75,156.96
2015-02-05,373.89,157.91
2015-02-06,374.28,156.72
2015-02-09,370.56,155.75
2015-02-10,373.0,158.56
2015-02-11,375.14,158.2
2015-02-12,377.17,158.52
2015-02-13,381.83,160.4
2015-02-17,375.43,160.96
2015-02-18,373.37,162.19
2015-02-19,379.0,163.89
2015-02-20,383.66,163.65
2015-02-23,380.14,162.91
2015-02-24,378.59,164.83
2015-02-25,385.37,162.81
2015-02-26,384.8,160.87
2015-02-27,380.16,161.94
2015-03-02,385.66,160.48
2015-03-03,384.61,161.03
2015-03-04,382.72,159.42
2015-03-05,387.83,161.18
2015-03-06,380.09,158.5
2015-03-09,378.56,160.77
2015-03-10,369.51,157.81
2015-03-11,366.37,156.8
2015-03-12,374.24,157.98
2015-03-13,370.58,154.28
2015-03-16,373.35,157.08
2015-03-17,371.92,156.96
2015-03-18,375.14,159.81
2015-03-19,373.24,159.81
2015-03-20,378.49,162.88
2015-03-23,375.11,164.63
2015-03-24,374.09,163.0
2015-03-25,370.96,159.2
2015-03-26,367.35,160.59
2015-03-27,370.56,160.4
2015-03-30,374.59,162.67
2015-03-31,372.1,160.5
2015-04-01,370.26,159.18
2015-04-02,372.25,160.45
2015-04-06,377.04,162.04
2015-04-07,374.41,162.07
2015-04-08,381.2,161.85
2015-04-09,383.54,162.34
2015-04-10,382.65,162.86
2015-04-13,382.36,162.38
2015-04-14,385.11,162.3
2015-04-15,383.45,164.13
2015-04-16,386.04,163.13
2015-04-17,375.56,160.67
2015-04-20,389.51,166.16
2015-04-21,391.18,164.26
2015-04-22,389.8,165.36
2015-04-23,389.99,170.24
2015-04-24,445.1,169.78
2015-04-27,438.56,170.73
2015-04-28,429.31,173.92
2015-04-29,429.37,174.4
2015-04-30,421.78,171.29
2015-05-01,422.87,173.67
2015-05-04,423.04,173.97
2015-05-05,421.19,173.08
2015-05-06,419.1,170.05
2015-05-07,426.88,170.99
2015-05-08,433.69,172.68
2015-05-11,432.85,171.12
2015-05-12,431.02,170.55
2015-05-13,426.87,172.28
2015-05-14,432.28,174.05
2015-05-15,426.0,173.26
2015-05-18,425.24,173.06
2015-05-19,421.71,173.48
2015-05-20,423.86,173.76
2015-05-21,431.63,173.34
2015-05-22,427.63,172.22
2015-05-26,425.47,170.13
2015-05-27,431.42,172.0
2015-05-28,426.57,171.71
2015-05-29,429.23,169.65
2015-06-01,430.92,170.18
2015-06-02,430.99,169.65
2015-06-03,436.59,169.92
2015-06-04,430.78,168.38
2015-06-05,426.95,167.4
2015-06-08,423.5,165.34
2015-06-09,425.48,165.68
2015-06-10,430.77,168.92
2015-06-11,432.97,168.78
2015-06-12,429.92,166.99
2015-06-15,423.67,166.26
2015-06-16,427.26,166.84
2015-06-17,427.81,167.17
2015-06-18,439.39,168.25
2015-06-19,434.92,166.99
2015-06-22,436.29,167.73
2015-06-23,445.99,168.62
2015-06-24,440.84,166.97
2015-06-25,440.1,166.08
2015-06-26,438.1,165.46
2015-06-29,429.86,162.97
2015-06-30,434.09,162.66
2015-07-01,437.39,164.49
2015-07-02,437.71,165.09
2015-07-06,436.04,164.73
2015-07-07,436.72,165.0
2015-07-08,429.7,163.16
2015-07-09,434.39,163.85
2015-07-10,443.51,166.95
2015-07-13,455.57,169.38
2015-07-14,465.57,168.61
2015-07-15,461.19,168.53
2015-07-16,475.48,171.0
2015-07-17,483.01,172.51
2015-07-20,488.1,173.22
2015-07-21,488.0,163.07
2015-07-22,488.27,160.35
2015-07-23,482.18,161.73
2015-07-24,529.42,159.75
2015-07-27,531.41,159.07
2015-07-28,526.03,160.05
2015-07-29,529.0,161.09
2015-07-30,536.76,160.96
2015-07-31,536.15,161.99
2015-08-03,535.03,158.71
2015-08-04,531.9,157.6
2015-08-05,537.01,157.9
2015-08-06,529.46,156.32
2015-08-07,522.62,155.12
2015-08-10,524.0,156.75
2015-08-11,527.46,155.51
2015-08-12,525.91,156.16
2015-08-13,529.66,155.07
2015-08-14,531.52,155.75
2015-08-17,535.22,156.31
2015-08-18,535.02,156.01
2015-08-19,532.92,153.94
2015-08-20,515.78,152.66
2015-08-21,494.47,148.85
2015-08-24,463.37,143.47
2015-08-25,466.37,140.96
2015-08-26,500.77,146.7
2015-08-27,518.37,148.54
2015-08-28,518.01,147.98
2015-08-31,512.89,147.89
2015-09-01,496.54,142.68
2015-09-02,510.55,145.05
2015-09-03,504.72,146.78
2015-09-04,499.0,143.7
2015-09-08,517.54,147.23
2015-09-09,516.89,145.05
2015-09-10,522.24,146.2
2015-09-11,529.44,147.37
2015-09-14,521.38,145.65
2015-09-15,522.37,147.53
2015-09-16,527.39,148.41
2015-09-17,538.87,148.14
2015-09-18,540.26,144.51
2015-09-21,548.39,146.48
2015-09-22,538.4,144.43
2015-09-23,536.07,143.66
2015-09-24,533.75,144.41
2015-09-25,524.25,145.42
2015-09-28,504.06,142.52
2015-09-29,496.07,142.47
2015-09-30,511.89,144.97
2015-10-01,520.72,143.59
2015-10-02,532.54,144.58
2015-10-05,543.68,149.04
2015-10-06,537.48,148.78
2015-10-07,541.94,150.09
2015-10-08,533.16,152.28
2015-10-09,539.8,152.39
2015-10-12,550.19,151.14
2015-10-13,548.9,149.62
2015-10-14,544.83,150.01
2015-10-15,562.44,150.09
2015-10-16,570.76,150.39
2015-10-19,573.15,149.22
2015-10-20,560.88,140.64
2015-10-21,555.77,140.92
2015-10-22,563.91,144.09
2015-10-23,599.03,144.68
2015-10-26,608.61,143.66
2015-10-27,611.01,137.86
2015-10-28,617.1,140.83
2015-10-29,626.55,140.55
2015-10-30,625.9,140.08
2015-11-02,628.35,140.37
2015-11-03,625.31,141.88
2015-11-04,640.95,141.63
2015-11-05,655.65,139.89
2015-11-06,659.37,138.25
2015-11-09,655.49,135.31
2015-11-10,659.68,135.47
2015-11-11,673.25,135.02
2015-11-12,665.6,133.04
2015-11-13,642.35,131.75
2015-11-16,647.81,133.71
2015-11-17,643.3,133.82
2015-11-18,663.54,135.82
2015-11-19,661.27,136.74
2015-11-20,668.45,138.5
2015-11-23,678.99,138.46
2015-11-24,671.15,138.6
2015-11-25,675.34,138.0
2015-11-27,673.26,138.46
2015-11-30,664.8,139.42
2015-12-01,679.06,141.28
2015-12-02,676.01,139.7
2015-12-03,666.25,138.92
2015-12-04,672.64,140.43
2015-12-07,669.83,139.55
2015-12-08,677.33,138.05
2015-12-09,664.79,136.61
2015-12-10,662.32,136.78
2015-12-11,640.15,134.57
2015-12-14,657.91,135.93
2015-12-15,658.64,137.79
2015-12-16,675.77,139.29
2015-12-17,670.65,136.75
2015-12-18,664.14,134.9
2015-12-21,664.51,135.5
2015-12-22,663.15,137.93
2015-12-23,663.7,138.54
2015-12-24,662.79,138.25
2015-12-28,675.2,137.61
2015-12-29,693.97,139.78
2015-12-30,689.07,139.34
2015-12-31,675.89,137.62
2016-01-04,636.99,135.95
2016-01-05,633.79,135.85
2016-01-06,632.65,135.17
2016-01-07,607.94,132.86
2016-01-08,607.05,131.63
2016-01-11,617.74,133.23
2016-01-12,617.89,132.9
2016-01-13,581.81,131.17
2016-01-14,593.0,132.91
2016-01-15,570.18,130.03
2016-01-19,574.48,128.11
2016-01-20,571.77,121.86
2016-01-21,575.02,122.91
2016-01-22,596.38,122.5
2016-01-25,596.53,122.08
2016-01-26,601.25,122.59
2016-01-27,583.35,120.96
2016-01-28,635.35,122.22
2016-01-29,587.0,124.79
2016-02-01,574.81,124.83
2016-02-02,552.1,122.94
2016-02-03,531.07,124.72
2016-02-04,536.26,127.65
2016-02-05,502.13,128.57
2016-02-08,488.1,126.98
2016-02-09,482.07,124.07
2016-02-10,490.48,120.19
2016-02-11,503.82,117.85
2016-02-12,507.08,121.04
2016-02-16,521.1,122.74
2016-02-17,534.1,126.1
2016-02-18,525.0,132.45
2016-02-19,534.9,133.08
2016-02-22,559.5,133.77
2016-02-23,552.94,132.4
2016-02-24,554.04,132.8
2016-02-25,555.15,134.5
2016-02-26,555.23,132.03
2016-02-29,552.52,131.03
2016-03-01,579.04,134.37
2016-03-02,580.21,136.3
2016-03-03,577.49,137.8
2016-03-04,575.14,137.8
2016-03-07,562.8,140.15
2016-03-08,560.26,139.07
2016-03-09,559.47,140.41
2016-03-10,558.93,140.19
2016-03-11,569.61,142.36
2016-03-14,573.37,142.78
2016-03-15,577.02,142.96
2016-03-16,574.27,144.79
2016-03-17,559.44,147.04
2016-03-18,552.08,147.09
2016-03-21,553.98,148.63
2016-03-22,560.48,148.1
2016-03-23,569.63,145.4
2016-03-24,582.95,147.95
2016-03-28,579.87,148.4
2016-03-29,593.86,149.33
2016-03-30,598.69,148.41
2016-03-31,593.64,151.45
2016-04-01,598.5,152.52
2016-04-04,593.19,152.07
2016-04-05,586.14,150.0
2016-04-06,602.08,150.02
2016-04-07,591.43,148.25
2016-04-08,594.6,149.35
2016-04-11,595.93,149.25
2016-04-12,603.17,149.63
2016-04-13,614.82,151.23
2016-04-14,620.75,151.16
2016-04-15,625.89,151.72
2016-04-18,635.35,152.53
2016-04-19,627.9,144.0
2016-04-20,632.99,146.11
2016-04-21,631.0,149.3
2016-04-22,620.5,148.5
2016-04-25,626.2,148.81
2016-04-26,616.88,149.08
2016-04-27,606.57,150.47
2016-04-28,602.0,147.07
2016-04-29,659.59,145.94
2016-05-02,683.85,145.27
2016-05-03,671.32,144.13
2016-05-04,670.9,144.25
2016-05-05,659.09,146.47
2016-05-06,673.95,147.29
2016-05-09,679.75,147.34
2016-05-10,703.07,149.97
2016-05-11,713.23,148.95
2016-05-12,717.93,148.84
2016-05-13,709.92,147.72
2016-05-16,710.66,149.46
2016-05-17,695.27,148.0
2016-05-18,697.45,147.34
2016-05-19,698.52,144.93
2016-05-20,702.8,147.25
2016-05-23,696.75,146.77
2016-05-24,704.2,148.31
2016-05-25,708.35,151.69
2016-05-26,714.91,152.44
2016-05-27,712.24,152.84
2016-05-31,722.79,153.74
2016-06-01,719.44,152.51
2016-06-02,728.24,153.5
2016-06-03,725.54,152.89
2016-06-06,726.73,152.73
2016-06-07,723.74,153.33
2016-06-08,726.64,154.0
2016-06-09,727.65,153.42
2016-06-10,717.91,152.37
2016-06-13,715.24,151.28
2016-06-14,719.3,151.06
2016-06-15,714.26,150.68
2016-06-16,717.51,151.06
2016-06-17,706.39,151.99
2016-06-20,714.01,153.61
2016-06-21,715.82,154.05
2016-06-22,710.6,152.92
2016-06-23,722.08,155.35
2016-06-24,698.96,146.59
2016-06-27,691.36,143.5
2016-06-28,707.95,145.7
2016-06-29,715.6,148.46
2016-06-30,715.62,151.78
2016-07-01,725.68,152.35
2016-07-05,728.1,151.68
2016-07-06,737.61,152.37
2016-07-07,736.57,152.6
2016-07-08,745.81,154.46
2016-07-11,753.78,155.33
2016-07-12,748.21,157.04
2016-07-13,742.63,158.02
2016-07-14,741.2,160.28
2016-07-15,735.44,159.78
2016-07-18,736.07,159.86
2016-07-19,739.95,159.58
2016-07-20,745.72,161.36
2016-07-21,744.43,160.45
2016-07-22,744.86,162.07
2016-07-25,739.61,162.65
2016-07-26,735.59,162.12
2016-07-27,736.67,161.83
2016-07-28,752.61,161.37
2016-07-29,758.81,160.62
2016-08-01,767.74,161.45
2016-08-02,760.58,160.58
2016-08-03,754.64,160.67
2016-08-04,760.77,161.55
2016-08-05,765.98,163.5
2016-08-08,766.56,162.04
2016-08-09,768.31,161.77
2016-08-10,768.56,162.08
2016-08-11,771.24,163.53
2016-08-12,772.56,161.95
2016-08-15,768.49,161.88
2016-08-16,764.04,160.7
2016-08-17,764.63,160.44
2016-08-18,764.46,161.36
2016-08-19,757.31,160.04
2016-08-22,759.48,160.0
2016-08-23,762.45,160.26
2016-08-24,757.25,159.05
2016-08-25,759.22,158.63
2016-08-26,769.0,158.32
2016-08-29,771.29,159.72
2016-08-30,767.58,159.4
2016-08-31,769.16,158.88
2016-09-01,770.62,159.54
2016-09-02,772.44,159.55
2016-09-06,788.87,160.35
2016-09-07,784.48,161.64
2016-09-08,784.06,159.0
2016-09-09,760.14,155.69
2016-09-12,771.49,158.29
2016-09-13,761.01,155.81
2016-09-14,761.09,154.05
2016-09-15,769.69,155.66
2016-09-16,778.52,153.84
2016-09-19,775.1,154.87
2016-09-20,780.22,154.45
2016-09-21,789.74,155.53
2016-09-22,804.7,156.11
2016-09-23,805.75,154.98
2016-09-26,799.16,153.98
2016-09-27,816.11,156.77
2016-09-28,828.72,158.29
2016-09-29,829.05,158.11
2016-09-30,837.31,158.85
2016-10-03,836.74,157.61
2016-10-04,834.03,156.46
2016-10-05,844.36,157.08
2016-10-06,841.66,156.88
2016-10-07,839.43,155.67
2016-10-10,841.71,157.02
2016-10-11,831.0,154.79
2016-10-12,834.09,154.29
2016-10-13,829.28,153.72
2016-10-14,822.96,154.45
2016-10-17,812.95,154.77
2016-10-18,817.65,150.72
2016-10-19,817.69,151.26
2016-10-20,810.32,151.52
2016-10-21,818.99,149.63
2016-10-24,838.09,150.57
2016-10-25,835.18,150.88
2016-10-26,822.59,151.81
2016-10-27,818.36,153.35
2016-10-28,776.32,152.61
2016-10-31,789.82,153.69
2016-11-01,785.41,152.79
2016-11-02,765.56,151.95
2016-11-03,767.03,152.37
2016-11-04,755.05,152.43
2016-11-07,784.93,155.72
2016-11-08,787.75,155.17
2016-11-09,771.88,154.81
2016-11-10,742.38,160.22
2016-11-11,739.01,161.27
2016-11-14,719.07,158.21
2016-11-15,743.24,158.67
2016-11-16,746.49,159.29
2016-11-17,756.4,159.8
2016-11-18,760.16,160.39
2016-11-21,780.0,162.77
2016-11-22,785.33,162.67
2016-11-23,780.12,161.98
2016-11-25,780.37,163.14
2016-11-28,766.77,164.52
2016-11-29,762.52,163.53
2016-11-30,750.57,162.22
2016-12-01,743.65,159.82
2016-12-02,740.34,160.02
2016-12-05,759.36,159.84
2016-12-06,764.72,160.35
2016-12-07,770.42,164.79
2016-12-08,767.33,165.36
2016-12-09,768.66,166.52
2016-12-12,760.12,165.5
2016-12-13,774.34,168.29
2016-12-14,768.82,168.51
2016-12-15,761.0,168.02
2016-12-16,757.77,166.73
2016-12-19,766.0,166.68
2016-12-20,771.22,167.6
2016-12-21,770.6,167.33
2016-12-22,766.34,167.06
2016-12-23,760.59,166.71
2016-12-27,771.4,167.14
2016-12-28,772.13,166.19
2016-12-29,765.15,166.6
2016-12-30,749.87,165.99
2017-01-03,753.67,167.19
2017-01-04,757.18,169.26
2017-01-05,780.45,168.7
2017-01-06,795.99,169.53
2017-01-09,796.92,167.65
2017-01-10,795.9,165.52
2017-01-11,799.02,167.75
2017-01-12,813.64,167.95
2017-01-13,817.14,167.34
2017-01-17,809.72,167.89
2017-01-18,807.48,166.8
2017-01-19,809.04,166.81
2017-01-20,808.33,170.55
2017-01-23,817.88,171.03
2017-01-24,822.44,175.9
2017-01-25,836.52,178.29
2017-01-26,839.15,178.66
2017-01-27,835.77,177.3
2017-01-30,830.38,175.8
2017-01-31,823.48,174.52
2017-02-01,832.35,174.29
2017-02-02,839.95,174.58
2017-02-03,810.2,175.82
2017-02-06,807.64,175.86
2017-02-07,812.5,178.46
2017-02-08,819.71,176.17
2017-02-09,821.36,177.21
2017-02-10,827.46,178.68
2017-02-13,836.53,179.36
2017-02-14,836.39,180.13
2017-02-15,842.7,181.68
2017-02-16,844.14,181.43
2017-02-17,845.07,180.67
2017-02-21,856.44,180.26
2017-02-22,855.61,181.15
2017-02-23,852.19,181.65
2017-02-24,845.24,181.35
2017-02-27,848.64,179.4
2017-02-28,845.04,179.82
2017-03-01,853.08,181.95
2017-03-02,848.91,180.53
2017-03-03,849.88,180.05
2017-03-06,846.61,180.47
2017-03-07,846.02,180.38
2017-03-08,850.5,179.45
2017-03-09,853.0,177.18
2017-03-10,852.46,177.83
2017-03-13,854.59,176.46
2017-03-14,852.53,175.72
2017-03-15,852.97,175.81
2017-03-16,853.42,177.24
2017-03-17,852.31,175.65
2017-03-20,856.97,175.7
2017-03-21,843.2,173.88
2017-03-22,848.06,174.78
2017-03-23,847.38,174.82
2017-03-24,845.61,173.83
2017-03-27,846.82,173.77
2017-03-28,856.0,174.51
2017-03-29,874.32,173.94
2017-03-30,876.34,173.86
2017-03-31,886.54,174.14
2017-04-03,891.51,174.5
2017-04-04,906.83,174.52
2017-04-05,909.28,172.88
2017-04-06,898.28,172.45
2017-04-07,894.88,172.14
2017-04-10,907.04,171.2
2017-04-11,902.36,170.58
2017-04-12,896.23,170.66
2017-04-13,884.67,169.53
2017-04-17,901.99,171.1
2017-04-18,903.78,170.05
2017-04-19,899.2,161.69
2017-04-20,902.06,162.3
2017-04-21,898.53,160.38
2017-04-24,907.41,160.75
2017-04-25,907.62,160.39
2017-04-26,909.29,160.06
2017-04-27,918.38,160.32
2017-04-28,924.99,160.29
2017-05-01,948.23,158.84
2017-05-02,946.94,159.1
2017-05-03,941.03,158.63
2017-05-04,937.53,159.05
2017-05-05,934.15,155.05
2017-05-08,949.04,153.03
2017-05-09,952.82,152.11
2017-05-10,948.95,151.25
2017-05-11,947.62,150.65
2017-05-12,961.35,150.37
2017-05-15,957.97,151.51
2017-05-16,966.07,153.68
2017-05-17,944.76,150.93
2017-05-18,958.49,150.78
2017-05-19,959.84,151.98
2017-05-22,970.67,152.64
2017-05-23,971.54,152.03
2017-05-24,980.35,152.51
2017-05-25,993.38,153.2
2017-05-26,995.78,152.49
2017-05-30,996.7,151.73
2017-05-31,994.62,152.63
2017-06-01,995.95,152.67
2017-06-02,1006.73,152.05
2017-06-05,1011.34,152.41
2017-06-06,1003.0,152.37
2017-06-07,1010.07,150.98
2017-06-08,1010.27,152.1
2017-06-09,978.31,154.1
2017-06-12,964.91,155.18
2017-06-13,980.79,154.25
2017-06-14,976.47,153.81
2017-06-15,964.17,154.22
2017-06-16,987.71,155.38
2017-06-19,995.17,154.84
2017-06-20,992.59,154.95
2017-06-21,1002.23,153.79
2017-06-22,1001.3,154.4
2017-06-23,1003.74,154.11
2017-06-26,993.98,155.23
2017-06-27,976.78,154.75
2017-06-28,990.33,155.32
2017-06-29,975.93,154.13
2017-06-30,968.0,153.83
2017-07-03,953.66,155.58
2017-07-05,971.4,153.67
2017-07-06,965.14,152.36
2017-07-07,978.76,152.94
2017-07-10,996.47,153.42
2017-07-11,994.13,153.19
2017-07-12,1006.51,153.7
2017-07-13,1000.63,153.63
2017-07-14,1001.81,154.24
2017-07-17,1010.04,153.01
2017-07-18,1024.45,154.0
2017-07-19,1026.87,147.53
2017-07-20,1028.7,147.66
2017-07-21,1025.67,147.08
2017-07-24,1038.95,145.99
2017-07-25,1039.87,146.19
2017-07-26,1052.8,145.36
2017-07-27,1046.0,145.07
2017-07-28,1020.04,144.29
2017-07-31,987.78,144.67
2017-08-01,996.19,145.3
2017-08-02,995.89,144.45
2017-08-03,986.92,144.94
2017-08-04,987.58,145.16
2017-08-07,992.27,143.47
2017-08-08,989.84,142.11
2017-08-09,982.01,141.77
2017-08-10,956.92,141.84
2017-08-11,967.99,141.84
2017-08-14,983.3,142.32
2017-08-15,982.74,142.07
2017-08-16,978.18,142.5
2017-08-17,960.57,140.7
2017-08-18,958.47,139.7
2017-08-21,953.29,140.33
2017-08-22,966.9,141.01
2017-08-23,958.0,142.14
2017-08-24,952.45,142.94
2017-08-25,945.26,143.74
2017-08-28,946.02,142.51
2017-08-29,954.06,143.14
2017-08-30,967.59,142.56
2017-08-31,980.6,143.03
2017-09-01,978.25,144.08
2017-09-05,965.27,143.04
2017-09-06,967.8,143.82
2017-09-07,979.47,142.9
2017-09-08,965.9,142.45
2017-09-11,977.96,144.86
2017-09-12,982.58,145.76
2017-09-13,999.6,145.99
2017-09-14,992.21,145.54
2017-09-15,986.79,144.82
2017-09-18,974.19,144.55
2017-09-19,969.86,144.39
2017-09-20,973.21,145.88
2017-09-21,964.65,145.26
2017-09-22,955.1,145.13
2017-09-25,939.79,145.87
2017-09-26,938.6,146.56
2017-09-27,950.87,145.66
2017-09-28,956.4,145.66
2017-09-29,961.35,145.08
2017-10-02,959.19,146.66
2017-10-03,957.1,146.78
2017-10-04,965.45,146.48
2017-10-05,980.85,146.72
2017-10-06,989.58,146.48
2017-10-09,990.99,147.39
2017-10-10,987.2,148.5
2017-10-11,995.0,148.04
2017-10-12,1000.93,147.03
2017-10-13,1002.94,147.1
2017-10-16,1006.34,146.83
2017-10-17,1009.13,146.54
2017-10-18,997.0,159.53
2017-10-19,986.61,160.9
2017-10-20,982.91,162.07
2017-10-23,966.3,159.55
2017-10-24,975.9,155.88
2017-10-25,972.91,153.5
2017-10-26,972.43,153.6
2017-10-27,1100.95,153.68
2017-10-30,1110.85,154.36
2017-10-31,1105.28,154.06
2017-11-01,1103.68,154.03
2017-11-02,1094.22,153.35
2017-11-03,1111.6,151.58
2017-11-06,1120.66,150.84
2017-11-07,1123.17,151.35
2017-11-08,1132.88,151.57
2017-11-09,1129.13,150.3
2017-11-10,1125.35,149.16
2017-11-13,1129.17,148.4
2017-11-14,1136.84,148.89
2017-11-15,1126.69,147.1
2017-11-16,1137.29,149.12
2017-11-17,1129.88,148.97
2017-11-20,1126.31,150.51
2017-11-21,1139.49,151.95
2017-11-22,1156.16,151.77
2017-11-24,1186.0,151.84
2017-11-27,1195.83,151.98
2017-11-28,1193.6,152.47
2017-11-29,1161.27,153.55
2017-11-30,1176.75,153.97
2017-12-01,1162.35,154.76
2017-12-04,1133.95,156.46
2017-12-05,1141.57,155.35
2017-12-06,1152.35,154.1
2017-12-07,1159.79,153.57
2017-12-08,1162.0,154.81
2017-12-11,1168.92,155.41
2017-12-12,1165.08,156.74
2017-12-13,1164.13,153.91
2017-12-14,1174.26,154.0
2017-12-15,1179.14,152.5
2017-12-18,1190.58,153.33
2017-12-19,1187.38,153.23
2017-12-20,1177.62,152.95
2017-12-21,1174.76,151.5
2017-12-22,1168.36,152.5
2017-12-26,1176.76,152.83
2017-12-27,1182.26,153.13
2017-12-28,1186.1,154.04
2017-12-29,1169.47,153.42
